﻿Nombre;Precio;Proveedor;MPN;EAN;Resolucion;Frecuencia de actualizacion;Tamaño;Panel;Tiempo de respuesta;HDMI;DisplayPort;DVI;VGA;Altavoz;Curvado;Altura ajustable
Acer CB242Y bir;$166.76 USD;Acer;UM.QB2AA.001;7.44759E+11;1920 x 1080;75 Hz;"23.8""";IPS;1;1;0;0;1;VERDADERO;FALSO;VERDADERO
Viewsonic VX2758-2KP-MHD;$301.26 USD;ViewSonic;VX2758-2KP-MHD;7.66907E+11;2560 x 1440;144 Hz;"27""";IPS;1;0;0;0;0;VERDADERO;FALSO;FALSO
AOC AGON AG241QX;$289.47 USD;AOC;AG241QX;4.03899E+12;2560 x 1440;144 Hz;"24""";TN;1;0;0;0;0;VERDADERO;FALSO;VERDADERO
AOC AGON AG271QG;$652.9 USD;AOC;AG271QG;4.03899E+12;2560 x 1440;165 Hz;"27""";IPS;4;0;0;0;0;VERDADERO;FALSO;VERDADERO
AOC AGON AG271QX;$419.06 USD;AOC;AG271QX;4.03899E+12;2560 x 1440;144 Hz;"27""";TN;1;0;0;0;0;VERDADERO;FALSO;VERDADERO
AOC AGON AG273QCG;$372.94 USD;AOC;AG273QCG;4.03899E+12;2560 x 1440;165 Hz;"27""";TN;1;0;0;0;0;VERDADERO;VERDADERO;VERDADERO
AOC AGON AG273QCX;$408.63 USD;AOC;AG273QCX;4.03899E+12;2560 x 1440;144 Hz;"27""";VA;1;0;0;0;0;VERDADERO;FALSO;VERDADERO
AOC AGON AG322QC4;$439.56 USD;AOC;AG322QC4;4.03899E+12;2560 x 1440;144 Hz;"31.5""";VA;4;0;0;0;0;VERDADERO;FALSO;VERDADERO
AOC AGON AG352UCG6;$605.99 USD;AOC;AG352UCG6;4.03899E+12;3440 x 1440;122 Hz;"35""";VA;4;0;0;0;0;VERDADERO;VERDADERO;VERDADERO
AOC C24G1;$140.17 USD;AOC;C24G1;4.03899E+12;1920 x 1080;144 Hz;"23.6""";VA;1;0;0;0;0;FALSO;FALSO;VERDADERO
AOC C27G1;$208.24 USD;AOC;C27G1;4.03899E+12;1920 x 1080;144 Hz;"27""";VA;1;0;0;0;0;FALSO;VERDADERO;VERDADERO
AOC C32G1;$250.75 USD;AOC;C32G1;4.03899E+12;1920 x 1080;144 Hz;"31.5""";VA;1;0;0;0;0;FALSO;FALSO;FALSO
AOC CQ32G1;$340.92 USD;AOC;CQ32G1;4.03899E+12;2560 x 1440;144 Hz;"31.5""";VA;4;0;0;0;0;FALSO;FALSO;FALSO
AOC G2260VWQ6;$125.7 USD;AOC;G2260VWQ6;4.03899E+12;1920 x 1080;122 Hz;"21.5""";TN;1;0;0;0;0;FALSO;FALSO;FALSO
AOC G2460PF;$179.86 USD;AOC;G2460PF;4.03899E+12;1920 x 1080;144 Hz;"24""";TN;1;0;0;0;0;VERDADERO;FALSO;VERDADERO
AOC G2460VQ6;$114.59 USD;AOC;G2460VQ6;4.03899E+12;1920 x 1080;122 Hz;"24""";TN;1;0;0;0;0;VERDADERO;FALSO;FALSO
AOC G2590FX 62;$161.75 USD;AOC;G2590FX;4.03899E+12;1920 x 1080;144 Hz;"24.5""";TN;1;0;0;0;0;FALSO;FALSO;FALSO
AOC G2590PX 62;$221.96 USD;AOC;G2590PX;4.03899E+12;1920 x 1080;144 Hz;"24.5""";TN;1;0;0;0;0;VERDADERO;FALSO;VERDADERO
AOC I1601FWUX;$174.47 USD;AOC;I1601FWUX;4.03899E+12;1920 x 1080;60 Hz;"15.6""";IPS;5;0;0;0;0;FALSO;FALSO;FALSO
AOC U2879VF;$259.43 USD;AOC;U2879VF;4.03899E+12;3840 × 2160;60 Hz;"28""";TN;1;0;0;0;0;FALSO;FALSO;VERDADERO
ASUS MG278Q;$344.15 USD;ASUS;90LM01S0-B01170;4.7129E+12;2560 x 1440;144 Hz;"27""";TN;1;0;0;0;0;VERDADERO;FALSO;VERDADERO
ASUS MX299Q;$369.5 USD;ASUS;90LM0080-B01170;4.71666E+12;2560 x 1080;60 Hz;"29""";IPS;5;1;1;1;0;FALSO;FALSO;FALSO
ASUS PB287Q;$362.35 USD;ASUS;90LM00R0-B03170;4.71666E+12;3840 × 2160;60 Hz;"28""";TN;1;0;0;0;0;VERDADERO;FALSO;VERDADERO
ASUS ROG Swift PG27UQ;$1344.3 USD;ASUS;90LM03A0-B01370;4.7129E+12;3840 × 2160;144 Hz;"27""";IPS;4;0;0;0;0;FALSO;FALSO;VERDADERO
ASUS TUF Gaming VG249Q;$218.33 USD;ASUS;90LM05E0-B01170;4.71802E+12;1920 x 1080;144 Hz;"23.8""";IPS;1;0;0;0;0;VERDADERO;FALSO;VERDADERO
ASUS TUF Gaming VG27AQ;$290.14 USD;ASUS;90LM0500-B01370;4.71802E+12;2560 x 1440;144 Hz;"27""";IPS;1;0;0;0;0;FALSO;FALSO;VERDADERO
ASUS TUF Gaming VG27BQ;$289.41 USD;ASUS;90LM04Z0-B01370;4.71802E+12;2560 x 1440;144 Hz;"27""";TN;1;0;0;0;0;FALSO;VERDADERO;VERDADERO
ASUS VE247H;$112.43 USD;ASUS;90LMC2101Q01041C;4.71954E+12;1920 x 1080;60 Hz;"24""";TN;2;1;0;1;1;VERDADERO;FALSO;FALSO
ASUS VG248QE;$257.5 USD;ASUS;90LMGG301Q022E1C-;4.71666E+12;1920 x 1080;144 Hz;"24""";TN;1;0;0;0;0;VERDADERO;FALSO;FALSO
ASUS VG259QM;$325.69 USD;ASUS;90LM0530-B02370;4.71802E+12;1920 x 1080;280 Hz;"24.5""";IPS;1;0;0;0;0;VERDADERO;FALSO;VERDADERO
ASUS VG275Q;$204.55 USD;ASUS;90LM03K0-B01370;4.7129E+12;1920 x 1080;60 Hz;"27""";TN;1;0;0;0;0;VERDADERO;FALSO;VERDADERO
ASUS VG278QR;$217.61 USD;ASUS;90LM03P3-B01370;4.71802E+12;1920 x 1080;165 Hz;"27""";TN;1;0;0;0;0;VERDADERO;FALSO;VERDADERO
ASUSTUF Gaming VG289Q1A;$108.8 USD;ASUS;90LM05B0-B02170;4.71802E+12;3840 × 2160;60 Hz;"28""";IPS;5;0;0;0;0;VERDADERO;FALSO;FALSO
BenQ SW2700PT;$580.29 USD;BenQ;9H.LDKLB.QBE;4.71876E+12;2560 x 1440;60 Hz;"27""";IPS;5;1;1;1;0;FALSO;FALSO;VERDADERO
EIZO ColorEdge CG2420;$1718.68 USD;EIZO;CG2420;4.99505E+12;1920 x 1200;60 Hz;"24""";IPS;10;0;0;0;0;FALSO;FALSO;VERDADERO
EIZO ColorEdge CG277-BK;$2360.5 USD;EIZO;CG277-BK;4.99505E+12;2560 x 1440;60 Hz;"27""";IPS;6;0;0;0;0;FALSO;FALSO;VERDADERO
EIZO FlexScan EV2450-BK;$409.11 USD;EIZO;EV2450-BK;4.99505E+12;1920 x 1080;60 Hz;"23.8""";IPS;5;0;0;0;0;VERDADERO;FALSO;VERDADERO
HP Pavilion 32;$348.17 USD;HP;4WH45AA#ABB;1.93015E+11;2560 x 1440;60 Hz;"31.5""";VA;5;0;0;0;0;FALSO;FALSO;FALSO
HP Pavilion Gaming 25x 62;$223.3 USD;HP;3WL50AA#ABB;1.92545E+11;1920 x 1080;144 Hz;"24.5""";TN;1;0;0;0;0;FALSO;FALSO;VERDADERO
HP Pavilion Gaming 27xq 68;$355.5 USD;HP;3WL54AA#ABB;1.92545E+11;2560 x 1440;144 Hz;"27""";TN;1;0;0;0;0;FALSO;FALSO;VERDADERO
HP Pavilion Gaming 32 HDR;$435.22 USD;HP;3BZ12AA#ABB;1.92546E+11;2560 x 1440;122 Hz;"32""";VA;5;0;0;0;0;FALSO;FALSO;FALSO
LG 24BK550Y-B;$141.44 USD;LG;24BK550Y-B.AEU;8.80608E+12;1920 x 1080;60 Hz;"23.8""";IPS;5;0;0;0;0;FALSO;FALSO;VERDADERO
LG 24GL600F-B;$145.07 USD;LG;24GL600F-B;8.8061E+12;1920 x 1080;144 Hz;"23.6""";TN;1;0;0;0;0;FALSO;FALSO;FALSO
LG 24GM79G-B;$203.09 USD;LG;24GM79G-B.AEU;8.80608E+12;1920 x 1080;144 Hz;"24""";TN;1;1;1;0;0;FALSO;FALSO;VERDADERO
LG 27UD88-W;$577.15 USD;LG;27UD88-W.AEU;8.80609E+12;3840 × 2160;60 Hz;"27""";IPS;5;1;1;0;0;FALSO;FALSO;VERDADERO
LG 27UK850-W;$408.44 USD;LG;27UK850-W;8.8061E+12;3840 × 2160;60 Hz;"27""";IPS;5;0;0;0;0;FALSO;FALSO;VERDADERO
LG 27UL850-W;$505.29 USD;LG;27UL850-W;8.8061E+12;3840 × 2160;60 Hz;"27""";IPS;4;0;0;0;0;FALSO;FALSO;VERDADERO
LG 29UM69G;$203.09 USD;LG;29UM69G;8.80609E+12;2560 x 1080;122 Hz;"29""";IPS;5;2;1;0;0;VERDADERO;FALSO;FALSO
LG 32UK550-B;$311.9 USD;LG;32UK550-B;8.8061E+12;3840 × 2160;60 Hz;"31.5""";VA;4;0;0;0;0;VERDADERO;FALSO;VERDADERO
LG 34GK950F-B;$870.44 USD;LG;34GK950F-B;8.8061E+12;3440 x 1440;144 Hz;"34""";IPS;5;0;0;0;0;FALSO;FALSO;VERDADERO
LG 34UM69G;$304.65 USD;LG;34UM69G-B;8.80609E+12;2560 x 1080;122 Hz;"34""";IPS;5;0;0;0;0;FALSO;FALSO;VERDADERO
LG 34WK650-W;$326.41 USD;LG;34WK650-W;8.8061E+12;2560 x 1080;122 Hz;"34""";IPS;5;0;0;0;0;VERDADERO;FALSO;VERDADERO
LG 34WK95C-W;$880.12 USD;LG;34WK95C-W;8.8061E+12;3440 x 1440;60 Hz;"34""";IPS;5;0;0;0;0;VERDADERO;VERDADERO;VERDADERO
LG UltraGear 27UL650-W;$282.16 USD;LG;27UL650-W;8.8061E+12;3840 × 2160;60 Hz;"27""";IPS;5;0;0;0;0;FALSO;FALSO;VERDADERO
LG UltraGear 34GL750-B;$435.22 USD;LG;34GL750-B;8.8061E+12;2560 x 1080;144 Hz;"34""";IPS;5;0;0;0;0;FALSO;FALSO;VERDADERO
Philips 243V7QDSB;$68.9 USD;Philips;243V7QDSB;8.71258E+12;1920 x 1080;60 Hz;"23.8""";IPS;5;0;0;0;0;FALSO;FALSO;FALSO
Samsung C27FG73;$31.9 USD;SAMSUNG;LC27FG73FQUXEN;8.80609E+12;1920 x 1080;144 Hz;"27""";VA;1;0;0;0;0;FALSO;VERDADERO;VERDADERO
Samsung S24D330H;$25.08 USD;SAMSUNG;LS24D330HSX/EN;8.80609E+12;1920 x 1080;60 Hz;"24""";TN;1;1;0;0;1;FALSO;FALSO;FALSO
Samsung S27E330H;$29.74 USD;SAMSUNG;LS27E330HZX/EN;8.80609E+12;1920 x 1080;60 Hz;"27""";TN;1;0;0;0;0;FALSO;FALSO;FALSO
Viewsonic ELITE XG2405;$192.22 USD;ViewSonic;XG2405;7.66907E+11;1920 x 1080;144 Hz;"23.8""";IPS;1;0;0;0;0;VERDADERO;FALSO;VERDADERO
Viewsonic ELITE XG240R;$154.0 USD;ViewSonic;XG240R;7.66908E+11;1920 x 1080;144 Hz;"23.6""";TN;1;0;0;0;0;FALSO;FALSO;VERDADERO
Viewsonic ELITE XG270;$311.9 USD;ViewSonic;XG270;7.66907E+11;1920 x 1080;240 Hz;"27""";IPS;1;0;0;0;0;VERDADERO;FALSO;VERDADERO
Viewsonic ELITE XG270QC;$220.33 USD;ViewSonic;XG270QC;7.66907E+11;2560 x 1440;165 Hz;"27""";MVA;3;0;0;0;0;VERDADERO;VERDADERO;VERDADERO
Viewsonic VA2265SMH;$129.7 USD;ViewSonic;VA2265SMH;7.66908E+11;1920 x 1080;60 Hz;"21.5""";MVA;5;1;0;0;1;VERDADERO;FALSO;FALSO
Viewsonic VA3456-MHDJ;$331.49 USD;ViewSonic;VA3456-MHDJ;7.66907E+11;3440 x 1440;75 Hz;"34""";VA;4;0;0;0;0;VERDADERO;FALSO;VERDADERO
Viewsonic VP2468;$251.42 USD;ViewSonic;VP2468;7.66908E+11;1920 x 1080;60 Hz;"24""";IPS;5;0;0;0;0;FALSO;FALSO;VERDADERO
Viewsonic VP2768;$424.95 USD;ViewSonic;VP2768;7.66908E+11;2560 x 1440;60 Hz;"27""";IPS;5;0;0;0;0;FALSO;FALSO;VERDADERO
Viewsonic VP2768-4K;$434.94 USD;ViewSonic;VP2768-4K;7.66907E+11;3840 × 2160;60 Hz;"27""";IPS;5;0;0;0;0;FALSO;FALSO;VERDADERO
ViewSonic VP2768A;$398.3 USD;ViewSonic;VP2768A;7.66907E+11;2560 x 1440;60 Hz;"27""";IPS;5;0;0;0;0;FALSO;FALSO;VERDADERO
Viewsonic VP2785-2K;$508.13 USD;ViewSonic;VP2785-2K;7.66907E+11;2560 x 1440;60 Hz;"27""";IPS;5;0;0;0;0;FALSO;FALSO;VERDADERO
Viewsonic VP2785-4K;$760.19 USD;ViewSonic;VP2785-4K;7.66908E+11;3840 × 2160;60 Hz;"27""";IPS;5;0;0;0;0;FALSO;FALSO;VERDADERO
Viewsonic VP3268-4K;$818.19 USD;ViewSonic;VP3268-4K;7.66908E+11;3840 × 2160;122 Hz;"32""";IPS;5;0;0;0;0;VERDADERO;FALSO;VERDADERO
Viewsonic VP3481;$650.16 USD;ViewSonic;VP3481;7.66907E+11;3440 x 1440;122 Hz;"34""";VA, MVA;5;0;0;0;0;VERDADERO;VERDADERO;VERDADERO
Viewsonic VX2276-SMHD;$123.31 USD;ViewSonic;VX2276-SMHD;7.66908E+11;1920 x 1080;60 Hz;"21.5""";IPS;4;1;1;0;1;VERDADERO;FALSO;FALSO
Viewsonic VX2457-MHD;$153.78 USD;ViewSonic;VX2457-MHD;7.66908E+11;1920 x 1080;122 Hz;"23.6""";TN;1;0;0;0;0;VERDADERO;FALSO;FALSO
Viewsonic VX2458-C-MHD;$145.58 USD;ViewSonic;VX2458-C-MHD;7.66908E+11;1920 x 1080;144 Hz;"24""";VA;1;0;0;0;0;VERDADERO;FALSO;FALSO
Viewsonic VX2458-MHD;$195.84 USD;ViewSonic;VX2458-MHD;7.66908E+11;1920 x 1080;144 Hz;"24""";TN;1;0;0;0;0;FALSO;FALSO;FALSO
Viewsonic VX2476-SMHD;$142.17 USD;ViewSonic;VX2476-SMHD;7.66908E+11;1920 x 1080;60 Hz;"23.6""";IPS;4;0;0;0;0;VERDADERO;FALSO;FALSO
ViewSonic VX2718-2KPC-MHD;$166.1 USD;ViewSonic;VX2718-2KPC-MHD;7.66907E+11;2560 x 1440;165 Hz;"27""";VA;1;0;0;0;0;VERDADERO;FALSO;FALSO
Viewsonic VX2718-P-MHD;$168.56 USD;ViewSonic;VX2718-P-MHD;7.66907E+11;1920 x 1080;165 Hz;"27""";VA;1;0;0;0;0;VERDADERO;FALSO;FALSO
Viewsonic VX2757-MHD;$207.11 USD;ViewSonic;VX2757-MHD;7.66908E+11;1920 x 1080;122 Hz;"27""";TN;1;0;0;0;0;VERDADERO;FALSO;FALSO
Viewsonic VX2758-C-MH;$239.37 USD;ViewSonic;VX2758-C-MH;7.66908E+11;1920 x 1080;144 Hz;"27""";TN;5;0;0;0;0;VERDADERO;FALSO;FALSO
Viewsonic VX2758-P-MHD;$213.53 USD;ViewSonic;VX2758-P-MHD;7.66907E+11;1920 x 1080;144 Hz;"27""";TN;1;0;0;0;0;VERDADERO;FALSO;FALSO
Viewsonic VX2776-4K-MHD;$377.19 USD;ViewSonic;VX2776-4K-MHD;7.66908E+11;3840 × 2160;60 Hz;"27""";IPS;4;0;0;0;0;VERDADERO;FALSO;FALSO
Viewsonic VX2776-SMHD;$148.69 USD;ViewSonic;VX2776-SMHD;7.66908E+11;1920 x 1080;60 Hz;"27""";IPS;4;0;0;0;0;VERDADERO;FALSO;FALSO
Viewsonic VX2778-SMHD;$302.08 USD;ViewSonic;VX2778-SMHD;7.66908E+11;2560 x 1440;60 Hz;"27""";IPS;5;1;1;0;0;FALSO;FALSO;FALSO
Viewsonic VX3211-2K-MHD;$235.7 USD;ViewSonic;VX3211-2K-MHD;7.66908E+11;2560 x 1440;60 Hz;"32""";IPS;3;0;0;0;0;VERDADERO;FALSO;FALSO
Viewsonic VX3211-4K-MHD;$293.4 USD;ViewSonic;VX3211-4K-MHD;7.66908E+11;3840 × 2160;60 Hz;"32""";VA;3;0;0;0;0;FALSO;FALSO;FALSO
Viewsonic VX3218-PC-MHD;$277.83 USD;ViewSonic;VX3218-PC-MHD;7.66907E+11;1920 x 1080;165 Hz;"32""";VA;1;0;0;0;0;VERDADERO;FALSO;FALSO
Viewsonic VX3258-2KC-MHD;$301.94 USD;ViewSonic;VX3258-2KC-MHD;7.66908E+11;2560 x 1440;144 Hz;"32""";VA;5;0;0;0;0;VERDADERO;VERDADERO;FALSO
Viewsonic VX3268-2KPC-MHD;$209.19 USD;ViewSonic;VX3268-2KPC-MHD;7.66907E+11;2560 x 1440;144 Hz;"31.5""";VA;3;0;0;0;0;VERDADERO;FALSO;FALSO
Viewsonic VX3276-2K-MHD;$226.19 USD;ViewSonic;VX3276-2K-MHD;7.66908E+11;2560 x 1440;122 Hz;"32""";IPS;3;0;0;0;0;VERDADERO;FALSO;FALSO
Viewsonic VX3276-4K-MHD;$301.81 USD;ViewSonic;VX3276-4K-MHD;7.66907E+11;3840 × 2160;60 Hz;"31.5""";VA;4;0;0;0;0;VERDADERO;FALSO;FALSO
Viewsonic VX3418-2KPC;$330.06 USD;ViewSonic;VX3418-2KPC;7.66907E+11;3440 x 1440;144 Hz;"34""";VA;1;0;0;0;0;VERDADERO;FALSO;VERDADERO
Viewsonic VX4380-4K;$710.86 USD;ViewSonic;VX4380-4K;7.66908E+11;3840 × 2160;60 Hz;"43""";IPS;5;0;0;0;0;VERDADERO;FALSO;FALSO
Viewsonic XG2401;$208.68 USD;ViewSonic;XG2401;7.66908E+11;1920 x 1080;144 Hz;"24""";TN;1;0;0;0;0;VERDADERO;FALSO;VERDADERO
Viewsonic XG2402;$129.12 USD;ViewSonic;XG2402;7.66908E+11;1920 x 1080;144 Hz;"24""";TN;1;0;0;0;0;VERDADERO;FALSO;VERDADERO
Viewsonic XG2530;$341.09 USD;ViewSonic;XG2530;7.66908E+11;1920 x 1080;240 Hz;"24.5""";TN;1;0;0;0;0;VERDADERO;FALSO;VERDADERO
Viewsonic XG2700-4K;$530.15 USD;ViewSonic;XG2700-4K;7.66908E+11;3840 × 2160;60 Hz;"27""";IPS;5;0;0;0;0;FALSO;FALSO;VERDADERO
Viewsonic XG2702;$324.96 USD;ViewSonic;XG2702;7.66908E+11;1920 x 1080;144 Hz;"27""";TN;1;0;0;0;0;VERDADERO;FALSO;VERDADERO
Viewsonic XG2705;$156.67 USD;ViewSonic;XG2705;7.66907E+11;1920 x 1080;144 Hz;"27""";IPS;1;0;0;0;0;VERDADERO;FALSO;VERDADERO
Viewsonic XG270QG;$665.17 USD;ViewSonic;XG270QG;7.66907E+11;2560 x 1440;165 Hz;"27""";IPS;1;0;0;0;0;VERDADERO;FALSO;FALSO
ViewSonic XG320Q;$599.78 USD;ViewSonic;XG320Q;7.66907E+11;2560 x 1440;175 Hz;"32""";IPS, Quantum Dot;1;0;0;0;0;VERDADERO;FALSO;VERDADERO
ViewSonic XG320U;$834.52 USD;ViewSonic;XG320U;7.66907E+11;3840 × 2160;144 Hz;"32""";IPS, Quantum Dot;1;0;0;0;0;VERDADERO;FALSO;VERDADERO
Viewsonic XG3220;$457.38 USD;ViewSonic;XG3220;7.66908E+11;3840 × 2160;60 Hz;"32""";VA;5;0;0;0;0;FALSO;FALSO;VERDADERO
Viewsonic XG341C-2K;$1458.0 USD;ViewSonic;XG341C-2K;7.66907E+11;3440 x 1440;200 Hz;"34""";VA;1;0;0;0;0;VERDADERO;FALSO;VERDADERO
ZOWIE RL2455;$129.51 USD;ZOWIE;9H.LF4LB.DBE;4.71876E+12;1920 x 1080;60 Hz;"24""";TN;1;1;0;1;1;FALSO;FALSO;FALSO
ZOWIE XL2411;$166.82 USD;ZOWIE;9H.LELLB.RBE;4.71876E+12;1920 x 1080;144 Hz;"24""";TN;1;1;0;1;0;FALSO;FALSO;VERDADERO
ZOWIE XL2430;$266.21 USD;ZOWIE;9H.LF1LB.QBE;4.71876E+12;1920 x 1080;60 Hz;"24""";TN;1;1;1;1;0;FALSO;FALSO;VERDADERO
