Nombre,Precio,Proveedor,MPN,EAN,Ancho,Profundidad,Alto,Placa Madre,Abastecimiento de energia,Longitud de GPU admitida,Altura CPU refrigerador admitida,80mm Fans,120mm Fans,140mm Fans,200mm Fans,"Disk 2.5""","Disk 3.5""",Color Primario,Filtro de polvo,Gestion de cable,Aislamiento de ruido
Corsair 4000D Airflow Tempered Glass Midi-Tower - white Window,$87.03 USD,Corsair,CC-9011201-WW,840006621928,230 mm,453 mm,466 mm,E-ATX,ATX,360 mm,170 mm,0/0,2/6,0/4,0/0,2,0,white,True,True,False
Antec P5 Mini - black,$75.82 USD,Antec,0-761345-80012-9,761345800129,195 mm,475 mm,395 mm,Micro-ATX,ATX,360 mm,155 mm,0/0,1/3,1/1,0/0,4,0,black,True,True,True
Corsair 4000D Airflow Tempered Glass Midi-Tower - black Window,$100.19 USD,Corsair,CC-9011200-WW,840006621904,230 mm,453 mm,466 mm,E-ATX,ATX,360 mm,170 mm,0/0,2/6,0/4,0/0,2,0,black,True,True,False
"Corsair 5000D Airflow Midi-Tower, Tempered Glass - black",$141.44 USD,Corsair,CC-9011210-WW,840006627470,245 mm,520 mm,520 mm,E-ATX,ATX,420 mm,170 mm,0/0,2/10,0/4,0/0,4,2,black,True,True,False
"Corsair 5000D Airflow Midi-Tower, Tempered Glass - white",$141.43 USD,Corsair,CC-9011211-WW,840006627494,245 mm,520 mm,520 mm,E-ATX,ATX,420 mm,170 mm,0/0,2/10,0/4,0/0,4,2,white,True,True,False
Corsair Carbide SPEC-02 Midi-Tower - black/red,$63.86 USD,Corsair,CC-9011051-WW,843591047258,220 mm,500 mm,430 mm,ATX,ATX,420 mm,157 mm,0/0,2/6,0/2,0/0,2,3,black,True,True,False
Fractal Design Define Nano S Mini-ITX - black,$68.9 USD,Fractal Design,FD-CA-DEF-NANO-S-BK,7350041084129,203 mm,400 mm,330 mm,Mini-ITX,ATX,315 mm,160 mm,0/0,1/6,1/4,0/0,4,2,black,True,True,True
Fractal Design Focus G Midi-Tower - black Window,$52.22 USD,Fractal Design,FD-CA-FOCUS-BK-W,7350041084907,205 mm,464 mm,444 mm,ATX,ATX,380 mm,165 mm,0/0,2/6,0/4,0/0,1,2,black,True,False,False
Fractal Design Meshify C Midi-Tower - black,$87.04 USD,Fractal Design,FD-CA-MESH-C-BKO,7340172700081,217 mm,395 mm,440 mm,ATX,ATX,315 mm,172 mm,0/0,2/7,0/4,0/0,3,0,black,True,True,False
"Fractal Design Meshify C Mini Dark TG Micro-ATX, Glas - black",$94.29 USD,Fractal Design,FD-CA-MESH-C-MINI-BKO-TGD,7340172700111,212 mm,395 mm,399 mm,Micro-ATX,ATX,315 mm,172 mm,0/0,2/7,0/4,0/0,5,2,black,True,True,False
Fractal Design Meshify C Tempered Glass Dark Midi-Tower - black,$83.41 USD,Fractal Design,FD-CA-MESH-C-BKO-TG,7350041084891,217 mm,395 mm,440 mm,ATX,ATX,315 mm,172 mm,0/0,2/7,0/4,0/0,5,2,black,True,True,False
Fractal Design Meshify C Tempered Glass Midi-Tower - black,$101.55 USD,Fractal Design,FD-CA-MESH-C-BKO-TGL,7340172700074,217 mm,395 mm,440 mm,ATX,ATX,315 mm,172 mm,0/0,2/7,0/4,0/0,3,2,black,True,True,False
Fractal Design Meshify C White Tempered Glass Midi-Tower - white,$97.92 USD,Fractal Design,FD-CA-MESH-C-WT-TGC,7340172700104,217 mm,395 mm,440 mm,ATX,ATX,315 mm,172 mm,0/0,2/7,0/4,0/0,3,0,white,True,True,False
Fractal Design Node 202 Mini-ITX - black,$79.78 USD,Fractal Design,FD-CA-NODE-202-BK,7350041082675,377 mm,330 mm,82 mm,Mini-ITX,SFX,310 mm,56 mm,0/0,0/2,0/0,0/0,2,0,black,True,False,False
"Lian Li LANCOOL II Mesh C Performance Midi-Tower, Tempered Glass - black",$144.33 USD,Lian Li,Lancool II mesh C performance black,4718466010865,229 mm,478 mm,494 mm,E-ATX,ATX,384 mm,176 mm,0/0,1/8,2/4,0/0,6,0,black,True,False,False
"NZXT H510 Midi-Tower, TG - black Window",$61.65 USD,NZXT,CA-H510B-B1,5060301695058,210 mm,428 mm,460 mm,ATX,ATX,381 mm,165 mm,0/0,2/4,0/2,0/0,3,3,black,True,True,False
"NZXT H510 Midi-Tower, TG - black/red Window",$61.65 USD,NZXT,CA-H510B-BR,5060301695072,210 mm,428 mm,460 mm,ATX,ATX,381 mm,165 mm,0/0,2/4,0/2,0/0,3,3,red black,True,True,False
"NZXT H510 Midi-Tower, TG - white Window",$61.65 USD,NZXT,CA-H510B-W1,5060301695065,210 mm,428 mm,460 mm,ATX,ATX,381 mm,165 mm,0/0,2/4,0/2,0/0,3,3,white,True,True,False
NZXT H700i Midi-Tower - black/red Window,$174.08 USD,NZXT,CA-H700W-BR,5060301693856,230 mm,494 mm,516 mm,ATX,ATX,413 mm,185 mm,0/0,3/7,0/5,0/0,7,3,black,True,True,False
"PHANTEKS Eclipse P400A Midi-Tower, Tempered Glass - black",$94.29 USD,PHANTEKS,PH-EC400ATG_BK01,886523301653,210 mm,470 mm,465 mm,E-ATX,ATX,420 mm,160 mm,0/0,2/6,0/4,0/0,2,0,black,True,True,False
"PHANTEKS Eclipse P400A Midi-Tower, Tempered Glass, DRGB - black",$107.54 USD,PHANTEKS,PH-EC400ATG_DBK01,886523301646,210 mm,470 mm,465 mm,E-ATX,ATX,420 mm,160 mm,0/0,3/6,0/4,0/0,2,0,black,True,True,False
"PHANTEKS Eclipse P400A Midi-Tower, Tempered Glass, DRGB - white",$79.78 USD,PHANTEKS,PH-EC400ATG_DWT01,886523301660,210 mm,470 mm,465 mm,E-ATX,ATX,420 mm,160 mm,0/0,3/6,0/4,0/0,2,0,white,True,True,False
"PHANTEKS Eclipse P400S Midi-Tower, anthrazit - isolated",$87.04 USD,PHANTEKS,PH-EC416PSC_AG,886523300908,210 mm,470 mm,495 mm,E-ATX,ATX,395 mm,160 mm,0/0,2/6,0/4,0/0,2,2,"anthracite, gray",True,True,True
"PHANTEKS Eclipse P400S Midi-Tower, black - isolated",$87.04 USD,PHANTEKS,PH-EC416PSC_BK,886523300854,210 mm,470 mm,495 mm,E-ATX,ATX,395 mm,160 mm,0/0,2/6,0/4,0/0,2,2,black,True,True,True
"PHANTEKS Enthoo Evolv ATX Midi-Tower, Tempered Glass - black",$190.95 USD,PHANTEKS,PH-ES515ETG_BK,886523300915,235 mm,510 mm,495 mm,E-ATX,ATX,420 mm,194 mm,0/0,0/7,3/5,0/0,4,5,black,True,True,False
"PHANTEKS Enthoo Evolv ATX Midi-Tower, Tempered Glass - silver",$129.1 USD,PHANTEKS,PH-ES515ETG_GS,886523300939,235 mm,510 mm,495 mm,E-ATX,ATX,420 mm,194 mm,0/0,0/7,3/5,0/0,4,5,silver,True,True,False
"PHANTEKS Enthoo Primo Big-Tower, blaue LED - black",$244.44 USD,PHANTEKS,PH-ES813P_BL,886523300014,250 mm,600 mm,650 mm,E-ATX,ATX,515 mm,207 mm,0/0,0/13,5/11,0/0,12,6,black,True,True,False
Silverstone SST-RVZ01B Raven Z Mini-ITX - black,$145.97 USD,Silverstone,SST-RVZ01B,4710007221150,382 mm,350 mm,105 mm,Mini-ITX,SFX,330 mm,83 mm,0/0,2/3,0/0,0/0,3,1,black,True,False,False
"Thermaltake Core P7, Tempered Glass - black",$302.47 USD,Thermaltake,CA-1I2-00F1WN-00,4717964407962,570 mm,333 mm,608 mm,E-ATX,ATX,280 mm,180 mm,0/0,0/12,0/9,0/0,7,7,black,False,True,False
Antec DA601 Midi-Tower - black,$95.74 USD,Antec,0-761345-80018-1,761345800181,220 mm,480 mm,500 mm,E-ATX,ATX,400 mm,160 mm,0/0,2/7,0/2,0/0,4,0,black,True,True,False
Antec Dark Fleet DF500 Midi-Tower - black Window,$68.72 USD,Antec,0-761345-80002-0,761345800020,200 mm,470 mm,480 mm,ATX,ATX,380 mm,165 mm,0/0,1/7,0/4,0/0,6,2,red black,True,True,False
Antec Dark Fleet DF500 RGB Midi-Tower - black Tempered Glass,$77.88 USD,Antec,0-761345-80003-7,761345800037,200 mm,470 mm,480 mm,ATX,ATX,380 mm,165 mm,0/0,3/7,0/4,0/0,6,2,black,True,True,False
"Antec GX200 Blue Midi-Tower, Window - black",$17.39 USD,Antec,0-761345-15202-0,761345152020,185 mm,450 mm,412 mm,ATX,ATX,380 mm,158 mm,0/0,2/3,0/0,0/0,1,4,black,True,False,False
"Antec New Gaming NX210 Midi-Tower, RGB, Tempered Glass - black",$67.08 USD,Antec,0-761345-81020-3,761345810203,220 mm,395 mm,455 mm,ATX,ATX,310 mm,155 mm,0/0,4/4,0/0,0/0,3,1,black,False,True,False
"Antec New Gaming NX400 Midi-Tower, RGB, Tempered Glass - black",$83.77 USD,Antec,0-761345-81040-1,761345810401,230 mm,425 mm,465 mm,ATX,ATX,330 mm,180 mm,0/0,1/6,0/5,0/0,4,1,black,False,True,False
Antec P101 Silent Midi-Tower - black,$116.81 USD,Antec,0-761345-81103-3,761345811033,232 mm,506 mm,527 mm,E-ATX,ATX,290 mm,180 mm,0/0,4/4,0/3,0/0,2,0,black,True,True,True
Antec P110 Luce Midi-Tower - black,$31.18 USD,Antec,0-761345-11611-4,761345116114,230 mm,518 mm,489 mm,ATX,ATX,390 mm,165 mm,0/0,2/6,0/4,0/0,6,8,black,True,True,False
Antec P110 Silent Midi-Tower - black,$123.51 USD,Antec,0-761345-11610-7,761345116107,230 mm,518 mm,489 mm,ATX,ATX,390 mm,165 mm,0/0,2/6,0/4,0/0,6,8,black,True,True,True
"Antec P120 Crystal Midi-Tower - Tempered Glass, black",$130.56 USD,Antec,0-761345-81200-9,761345812009,234 mm,476 mm,485 mm,E-ATX,ATX,450 mm,185 mm,0/0,0/7,0/6,0/0,3,2,black,True,True,False
"Antec P6 Midi-Tower, Tempered Glass - black",$68.46 USD,Antec,0-761345-80004-4,761345800044,470 mm,405 mm,200 mm,Micro-ATX,ATX,390 mm,160 mm,0/0,1/6,0/4,0/0,6,2,black,True,True,False
Antec P7 Silent Midi-Tower - black,$73.27 USD,Antec,0-761345-11608-4,761345116084,210 mm,445 mm,470 mm,ATX,ATX,390 mm,165 mm,0/0,2/3,0/2,0/0,2,0,black,True,True,True
"Antec Performance Series P8 Midi-Tower, Tempered Glass - black",$58.07 USD,Antec,0-761345-11607-7,761345116077,210 mm,470 mm,443 mm,ATX,ATX,390 mm,165 mm,0/0,3/7,0/4,0/0,6,2,black,True,True,False
Antec Three Hundred Two Midi-Tower - black,$72.53 USD,Antec,0-761345-15320-1,761345153201,229 mm,471 mm,513 mm,ATX,ATX,318 mm,170 mm,0/0,1/4,1/1,0/0,2,6,black,False,True,False
Antec TORQUE Midi-Tower - black/red,$413.45 USD,Antec,0-761345-80017-4,761345800174,285 mm,621 mm,644 mm,ATX,ATX,450 mm,215 mm,0/0,0/6,0/0,0/0,1,1,red black,False,False,False
Antec TORQUE Midi-Tower - white,$275.64 USD,Antec,0-761345-80026-6,761345800266,285 mm,621 mm,644 mm,ATX,ATX,450 mm,215 mm,0/0,0/6,0/0,0/0,1,1,white,False,True,False
be quiet! Dark Base 700 RGB Midi-Tower - black Window,$255.78 USD,be quiet!,BGW23,4260052185742,241 mm,544 mm,519 mm,E-ATX,ATX,430 mm,180 mm,0/0,0/8,2/9,0/0,17,7,black,True,True,True
be quiet! Dark Base 700 White Edition Midi-Tower - white Window,$212.92 USD,be quiet!,BGW33,4260052187258,241 mm,544 mm,519 mm,E-ATX,ATX,430 mm,180 mm,0/0,0/6,2/6,0/0,17,7,white,True,True,True
be quiet! Dark Base 900 Big-Tower - black,$259.5 USD,be quiet!,BG011,4260052184929,243 mm,577 mm,585 mm,E-ATX,ATX,470 mm,185 mm,0/0,0/11,3/9,0/1,15,7,black,True,True,True
be quiet! Dark Base 900 Big-Tower - silver,$244.03 USD,be quiet!,BG012,4260052184936,243 mm,577 mm,585 mm,E-ATX,ATX,470 mm,185 mm,0/0,0/11,3/9,0/1,15,7,black,True,True,True
be quiet! Dark Base Pro 900 Big-Tower - black Window,$215.07 USD,be quiet!,BGW11,4260052184950,243 mm,577 mm,585 mm,E-ATX,ATX,470 mm,185 mm,0/0,0/9,3/9,0/1,15,7,black,True,True,True
"be quiet! Dark Base Pro 900 Big-Tower, Rev. 2 - orange",$312.26 USD,be quiet!,BGW14,4260052186589,243 mm,577 mm,586 mm,E-ATX,ATX,470 mm,185 mm,0/0,0/10,3/9,0/0,16,7,black,True,True,False
"be quiet! Dark Base Pro 900 Big-Tower, Rev. 2 - black",$310.03 USD,be quiet!,BGW15,4260052186909,243 mm,577 mm,586 mm,E-ATX,ATX,470 mm,185 mm,0/0,0/10,3/9,0/0,16,7,black,True,True,True
"be quiet! Dark Base Pro 900 Big-Tower, Rev. 2 - silver",$313.6 USD,be quiet!,BGW16,4260052186916,243 mm,577 mm,586 mm,E-ATX,,470 mm,185 mm,0/0,0/0,0/0,0/0,0,0,black,False,False,False
be quiet! Pure Base 500 Midi-Tower - white,$86.31 USD,be quiet!,BG035,4260052187838,231 mm,450 mm,463 mm,ATX,ATX,369 mm,190 mm,0/0,0/6,2/5,0/0,5,2,white,True,True,True
be quiet! Pure Base 600 Midi-Tower - orange Window,$24.95 USD,be quiet!,BGW20,4260052185438,492 mm,470 mm,220 mm,ATX,ATX,425 mm,165 mm,0/0,1/7,1/4,0/0,8,3,black,True,True,True
be quiet! Pure Base 600 Midi-Tower - black,$138.55 USD,be quiet!,BG021,4260052185414,220 mm,492 mm,470 mm,ATX,ATX,425 mm,165 mm,0/0,1/7,1/4,0/0,8,3,black,True,True,True
be quiet! Pure Base 600 Midi-Tower - black Window,$97.19 USD,be quiet!,BGW21,4260052185445,492 mm,470 mm,220 mm,ATX,ATX,425 mm,165 mm,0/0,1/7,1/4,0/0,8,3,black,True,True,True
be quiet! Pure Base 600 Midi-Tower - silver,$127.81 USD,be quiet!,BG022,4260052185421,220 mm,492 mm,470 mm,ATX,ATX,425 mm,165 mm,0/0,1/7,1/4,0/0,8,3,black,True,True,True
be quiet! Silent Base 600 Midi-Tower - black Window,$112.22 USD,be quiet!,BGW06,4260052184462,230 mm,495 mm,493 mm,ATX,ATX,400 mm,167 mm,0/0,1/4,1/5,0/0,3,3,black,True,True,True
be quiet! Silent Base 600 Midi-Tower - silver,$125.49 USD,be quiet!,BG007,4260052184448,230 mm,495 mm,493 mm,ATX,ATX,400 mm,167 mm,0/0,1/5,1/5,0/0,3,3,black silver,True,True,True
be quiet! Silent Base 601 Midi-Tower - orange,$140.05 USD,be quiet!,BG025,4260052186992,240 mm,532 mm,514 mm,E-ATX,ATX,449 mm,185 mm,0/0,0/7,2/7,0/0,6,3,"orange, black",True,True,True
be quiet! Silent Base 601 Midi-Tower - black,$138.64 USD,be quiet!,BG026,4260052187111,240 mm,532 mm,514 mm,E-ATX,ATX,449 mm,185 mm,0/0,0/7,2/7,0/0,6,3,black,True,True,True
be quiet! Silent Base 601 Midi-Tower - silver,$141.04 USD,be quiet!,BG027,4260052187012,240 mm,532 mm,514 mm,E-ATX,ATX,449 mm,185 mm,0/0,0/7,2/7,0/0,6,3,black silver,True,True,True
"be quiet! Silent Base 601 Midi-Tower, Tempered Glass - orange",$196.12 USD,be quiet!,BGW25,4260052187029,240 mm,532 mm,514 mm,E-ATX,ATX,449 mm,185 mm,0/0,0/7,2/7,0/0,6,3,"orange, black",True,True,True
"be quiet! Silent Base 601 Midi-Tower, Tempered Glass - black",$199.44 USD,be quiet!,BGW26,4260052187036,240 mm,532 mm,514 mm,E-ATX,ATX,449 mm,185 mm,0/0,0/7,2/7,0/0,6,3,black,True,True,True
"be quiet! Silent Base 601 Midi-Tower, Tempered Glass - silver",$137.28 USD,be quiet!,BGW27,4260052187043,240 mm,532 mm,514 mm,E-ATX,ATX,449 mm,185 mm,0/0,0/7,2/7,0/0,6,3,black silver,True,True,True
be quiet! Silent Base 800 Midi-Tower - orange Window,$174.04 USD,be quiet!,BGW01,4260052184318,266 mm,495 mm,559 mm,ATX,ATX,400 mm,170 mm,0/0,1/5,2/5,0/0,4,7,black,True,True,True
be quiet! Silent Base 800 Midi-Tower - black Window,$25.55 USD,be quiet!,BGW02,4260052184325,266 mm,495 mm,559 mm,ATX,ATX,400 mm,170 mm,0/0,1/5,2/5,0/0,4,7,black,True,True,True
be quiet! Silent Base 800 Midi-Tower - silver Window,$222.34 USD,be quiet!,BGW03,4260052184332,266 mm,495 mm,559 mm,ATX,ATX,400 mm,170 mm,0/0,1/5,2/5,0/0,4,7,black,True,True,True
be quiet! Silent Base 801 Midi-Tower - orange,$161.0 USD,be quiet!,BG028,4260052187050,282 mm,539 mm,507.3 mm,E-ATX,ATX,449 mm,185 mm,0/0,0/8,3/8,0/0,11,5,"orange, black",True,True,True
be quiet! Silent Base 801 Midi-Tower - orange Window,$172.2 USD,be quiet!,BGW28,4260052187081,282 mm,539 mm,507.3 mm,E-ATX,ATX,449 mm,185 mm,0/0,0/8,3/8,0/0,11,5,"orange, black",True,True,True
be quiet! Silent Base 801 Midi-Tower - black,$160.31 USD,be quiet!,BG029,4260052187067,282 mm,539 mm,507.3 mm,E-ATX,ATX,449 mm,185 mm,0/0,0/8,3/8,0/0,11,5,black,True,True,True
be quiet! Silent Base 801 Midi-Tower - black Window,$181.84 USD,be quiet!,BGW29,4260052187098,282 mm,539 mm,507.3 mm,E-ATX,ATX,449 mm,185 mm,0/0,0/8,3/8,0/0,11,5,black,True,True,True
be quiet! Silent Base 801 Midi-Tower - silver,$156.47 USD,be quiet!,BG030,4260052187074,282 mm,539 mm,507.3 mm,E-ATX,ATX,449 mm,185 mm,0/0,0/8,3/8,0/0,11,5,black silver,True,True,True
be quiet! Silent Base 801 Midi-Tower - silver Window,$174.78 USD,be quiet!,BGW30,4260052187104,282 mm,539 mm,507.3 mm,E-ATX,ATX,449 mm,185 mm,0/0,0/8,3/8,0/0,11,5,black silver,True,True,True
"BitFenix Enso Mesh RGB Midi-Tower, Tempered Glass - black",$111.94 USD,BitFenix,BFC-ESM-150-KKWGK-RP,4712883216701,210 mm,454 mm,489 mm,E-ATX,ATX,340 mm,160 mm,0/0,2/6,0/2,0/0,3,0,black,True,True,False
"BitFenix Enso Mesh RGB Midi-Tower, Tempered Glass - white",$105.9 USD,BitFenix,BFC-ESM-150-WWWGK-RP,4712883216718,210 mm,454 mm,489 mm,E-ATX,ATX,340 mm,160 mm,0/0,2/6,0/2,0/0,2,0,white,True,True,False
BitFenix Neos Midi-Tower - white/violett Window,$48.02 USD,BitFenix,BFC-NEO-100-WWWKP-RP,4716779445350,185 mm,470 mm,429 mm,ATX,ATX,300 mm,155 mm,0/0,1/3,0/0,0/0,3,3,"purple, white",True,True,False
"BitFenix Nova Mesh TG Midi-Tower, Tempered Glass - black",$81.44 USD,BitFenix,BFC-NVM-300-KKGSK-RP,4712883217173,201 mm,465 mm,437 mm,E-ATX,ATX,340 mm,160 mm,0/0,2/6,0/2,0/0,3,0,black,True,True,False
"BitFenix Nova TG Midi-Tower, Tempered Glass - black",$70.45 USD,BitFenix,BFX-NTG-100-KKWSK-RP,4712883216442,201 mm,465 mm,437 mm,ATX,ATX,280 mm,160 mm,0/0,2/3,0/0,0/0,6,3,black,True,True,False
"BitFenix Nova TG Midi-Tower, Tempered Glass - white",$66.73 USD,BitFenix,BFX-NTG-100-WWWKK-RP,4712883216459,201 mm,465 mm,437 mm,ATX,ATX,280 mm,160 mm,0/0,2/3,0/0,0/0,6,3,black-and-white,True,True,False
BitFenix Portal Mini-ITX - black,$114.5 USD,BitFenix,BFC-POT-150-KKXKK-RP,4712883216220,185 mm,411 mm,382 mm,Mini-ITX,SFX,300 mm,125 mm,1/0,1/0,0/0,0/0,3,2,black,False,False,False
BitFenix Portal Mini-ITX - black Window,$70.99 USD,BitFenix,BFC-POT-150-KKWKK-RP,4712883216237,185 mm,411 mm,382 mm,Mini-ITX,SFX,300 mm,125 mm,1/0,1/0,0/0,0/0,3,2,black,False,False,False
BitFenix Portal Mini-ITX - white,$138.77 USD,BitFenix,BFC-POT-150-WKXKK-RP,4712883216244,185 mm,411 mm,382 mm,Mini-ITX,SFX,300 mm,125 mm,1/0,1/0,0/0,0/0,3,2,white,False,False,False
Carbide Series 100R Mid-Tower,$49.32 USD,Corsair,CC-9011075-WW,5054629455043,200 mm,430 mm,471 mm,ATX,ATX,Top Slots: 414 Lower Slots: 275 mm,150 mm,0/0,1/3,0/0,0/0,0,0,,False,False,False
Carbide Series 100R Silent Edition Mid-Tower,$58.02 USD,Corsair,CC-9011077-WW,8435910566704,200 mm,430 mm,471 mm,ATX,ATX,Top Slots: 414 Lower Slots: 275 mm,150 mm,0/0,2/1,0/0,0/0,0,0,,False,False,True
Carbide Series 270R ATX Mid-Tower,$50.77 USD,Corsair,CC-9011106-WW,843591094214,210 mm,460 mm,509 mm,ATX,ATX,370 mm,170 mm,0/0,1/4,0/2,0/0,2,2,,False,False,False
Carbide Series 270R Windowed ATX Mid-Tower,$58.02 USD,Corsair,CC-9011105-WW,843591094191,210 mm,460 mm,509 mm,ATX,ATX,370 mm,170 mm,0/0,2/4,0/2,0/0,2,2,,False,False,False
Carbide Series 330R Quiet Mid-Tower,$109.95 USD,Corsair,CC-9011024-WW,724627023876,210 mm,484 mm,495 mm,ATX,ATX,450 mm,160 mm,0/0,1/1,1/0,0/0,0,0,,False,False,True
Carbide Series 330R Titanium Edition Silent Mid-Tower,$101.07 USD,Corsair,CC-9011071-WW,843591051989,210 mm,484 mm,495 mm,ATX,ATX,450 mm,160 mm,0/0,1/1,1/0,0/0,0,0,,False,False,True
Carbide Series Air 240 Arctic White High Airflow MicroATX and Mini-ITX,$79.78 USD,Corsair,CC-9011069-WW,843591052627,260 mm,320 mm,397 mm,Micro-ATX,ATX,290 mm,120 mm,0/2,3/7,0/0,0/0,3,3,arctic white,False,False,False
Carbide Series Air 240 High Airflow MicroATX and Mini-ITX,$79.78 USD,Corsair,CC-9011070-WW,5052184597109,260 mm,320 mm,397 mm,Micro-ATX,ATX,290 mm,120 mm,0/2,3/7,0/0,0/0,3,3,black,False,False,False
Carbide Series Air 540 Arctic White High Airflow ATX Cube,$147.37 USD,Corsair,CC-9011048-WW,803982742384,332 mm,458 mm,415 mm,E-ATX,ATX,320 mm,170 mm,0/0,0/3,3/2,0/0,4,0,,False,False,False
Carbide Series Air 540 High Airflow ATX Cube,$145.07 USD,Corsair,CC-9011030-WW,34893356784,332 mm,458 mm,415 mm,E-ATX,ATX,320 mm,170 mm,0/0,0/3,3/2,0/0,4,0,,False,False,False
Carbide Series Clear 400C Compact Mid-Tower,$101.91 USD,Corsair,CC-9011081-WW,843591068529,215 mm,464 mm,425 mm,E-ATX,ATX,370 mm,170 mm,0/0,1/4,1/2,0/0,3,2,black,False,False,False
Carbide Series Clear 400C Compact Mid-Tower — White,$124.31 USD,Corsair,CC-9011095-WW,843591085557,215 mm,464 mm,425 mm,E-ATX,ATX,370 mm,170 mm,0/0,1/4,1/2,0/0,3,2,white,False,False,False
Carbide Series Clear 600C Inverse ATX Full-Tower,$140.72 USD,Corsair,CC-9011079-WW,734911503090,260 mm,535 mm,454 mm,ATX,ATX,370 mm,200 mm,0/0,0/3,3/2,0/0,3,2,,False,False,False
Carbide Series Quiet 400Q Compact Mid-Tower,$78.16 USD,Corsair,CC-9011100-WW,843591092883,215 mm,464 mm,425 mm,E-ATX,ATX,370 mm,170 mm,0/0,1/4,1/2,0/0,3,2,,False,False,True
Carbide Series Quiet 600Q Inverse ATX Full-Tower,$140.72 USD,Corsair,CC-9011080-WW,843591068505,260 mm,535 mm,454 mm,ATX,ATX,370 mm,200 mm,0/0,0/3,3/2,0/0,3,2,,False,False,True
Carbide Series SPEC-01 Red LED Mid-Tower Gaming,$64.63 USD,Corsair,CC-9011050-WW,801940115928,200 mm,428 mm,447 mm,ATX,ATX,414 mm,150 mm,0/0,1/3,0/0,0/0,0,0,black,False,False,False
Carbide Series SPEC-ALPHA Mid-Tower Gaming — Black/Red,$98.08 USD,Corsair,CC-9011085-WW,7841449279632,220 mm,474 mm,518 mm,ATX,ATX,380 mm,156 mm,0/0,3/5,0/0,0/0,4,3,black/red,False,False,False
Carbide Series SPEC-ALPHA Mid-Tower Gaming — Black/Silver,$110.69 USD,Corsair,CC-9011084-WW,843591068581,220 mm,474 mm,518 mm,ATX,ATX,380 mm,156 mm,0/0,3/5,0/0,0/0,4,3,black/silver,False,False,False
Carbide Series SPEC-ALPHA Mid-Tower Gaming — Black/Yellow,$61.65 USD,Corsair,CC-9011094-WW,843591084871,220 mm,474 mm,518 mm,ATX,ATX,380 mm,156 mm,0/0,3/5,0/0,0/0,4,3,black/yellow,False,False,False
Carbide Series SPEC-ALPHA Mid-Tower Gaming — White/Red,$169.09 USD,Corsair,CC-9011083-WW,843591068567,220 mm,474 mm,518 mm,ATX,ATX,380 mm,156 mm,0/0,3/5,0/0,0/0,4,3,white/red,False,False,False
Carbide Series SPEC-OMEGA Tempered Glass Mid-Tower ATX Gaming - Black,$94.29 USD,Corsair,CC-9011121-WW,843591062176,232 mm,516 mm,495 mm,ATX,ATX,370 mm,170 mm,0/0,2/6,0/4,0/0,2,3,black,False,False,False
Carbide Series SPEC-OMEGA Tempered Glass Mid-Tower ATX Gaming - Black/Red,$79.78 USD,Corsair,CC-9011120-WW,843591062152,232 mm,516 mm,495 mm,ATX,ATX,370 mm,170 mm,0/0,2/6,0/4,0/0,2,3,black/red,False,False,False
Carbide Series SPEC-OMEGA Tempered Glass Mid-Tower ATX Gaming - Black/White,$76.16 USD,Corsair,CC-9011119-WW,843591062138,232 mm,516 mm,495 mm,ATX,ATX,370 mm,170 mm,0/0,2/6,0/4,0/0,2,3,black/white,False,False,False
"Cooler Master Cosmos C700M Big Tower - Tempered Glass, black",$580.29 USD,Cooler Master,MCC-C700M-MG5N-S00,4719512075036,306 mm,650 mm,651 mm,E-ATX,ATX,490 mm,198 mm,0/0,0/9,4/9,0/0,4,0,black,True,True,False
Cooler Master Elite 130 RC-130-KKN1 Mini-ITX - black,$79.07 USD,Cooler Master,RC-130-KKN1,4719512045176,240 mm,377.5 mm,205 mm,Mini-ITX,ATX,343 mm,65 mm,1/1,1/1,0/0,0/0,5,3,black,False,False,False
"Cooler Master MasterBox 540 Midi-Tower, ARGB, Tempered Glass - black",$138.1 USD,Cooler Master,MB540-KGNN-S00,4719512117927,209 mm,499 mm,498 mm,E-ATX,ATX,410 mm,165 mm,0/0,1/7,0/4,0/0,2,0,black,False,True,False
"Cooler Master MasterBox K500 Midi-Tower, Tempered Glass - black",$84.51 USD,Cooler Master,MCB-K500D-KGNN-S00,4719512071120,210 mm,491 mm,455 mm,ATX,ATX,400 mm,160 mm,0/0,3/6,0/2,0/0,2,0,black,True,True,False
Cooler Master MasterBox Lite 3.1 TG Midi-Tower - black Window,$58.02 USD,Cooler Master,MCW-L3S3-KGNN-00,4719512064542,209 mm,381 mm,456 mm,Micro-ATX,ATX,380 mm,158 mm,0/0,1/3,0/0,0/0,1,2,black,True,True,False
"Cooler Master MasterBox MB500, TG, black",$93.3 USD,Cooler Master,MCB-B500D-KGNN-S00,4719512067345,211 mm,475 mm,494 mm,ATX,ATX,400 mm,160 mm,0/0,3/6,0/2,0/0,2,2,black,True,True,False
Cooler Master MasterBox MB530P Midi-Tower - black,$122.57 USD,Cooler Master,MCB-B530P-KHNN-S01,4719512074640,229 mm,469 mm,489 mm,ATX,ATX,410 mm,165 mm,0/0,4/6,0/4,0/0,2,0,black,True,True,False
Cooler Master MasterBox Midi-Tower MB600L w/ODD - red,$78.2 USD,Cooler Master,MCB-B600L-KA5N-S00,4719512064498,212 mm,464 mm,454 mm,ATX,ATX,400 mm,160 mm,0/0,1/3,0/2,0/0,1,2,black,True,True,False
Cooler Master MasterBox Pro 5 RGB Midi-Tower - black Window,$72.53 USD,Cooler Master,MCY-B5P2-KWGN-01,4719512063941,223 mm,500 mm,475 mm,E-ATX,ATX,410 mm,167 mm,0/0,3/4,0/2,0/0,5,2,black,True,True,False
"Cooler Master MasterBox Q300L Mini, black",$50.77 USD,Cooler Master,MCB-Q300L-KANN-S00,4719512065488,230 mm,378 mm,387 mm,Micro-ATX,ATX,360 mm,157 mm,0/0,1/5,0/2,0/0,2,1,black,True,True,False
Cooler Master MasterBox Q300P Midi-Tower - black Window,$72.53 USD,Cooler Master,MCB-Q300P-KANN-S02,4719512065518,230 mm,450 mm,450 mm,Micro-ATX,ATX,360 mm,157 mm,0/0,3/6,0/2,0/0,3,1,black,False,True,False
"Cooler Master MasterCase H500M Midi-Tower, Tempered Glass - black",$239.37 USD,Cooler Master,MCM-H500M-IHNN-S00,4719512072165,248 mm,546 mm,544 mm,E-ATX,ATX,412 mm,190 mm,0/0,0/7,0/6,2/4,6,2,black,True,True,False
Cooler Master MasterCase H500P Mesh Midi-Tower - white,$123.31 USD,Cooler Master,MCM-H500P-WGNN-S00,4719512068526,242 mm,544 mm,542 mm,E-ATX,ATX,412 mm,190 mm,0/0,0/7,1/7,2/4,4,2,white,False,True,False
Cooler Master MasterCase MC500 TG Midi-Tower - black,$108.8 USD,Cooler Master,MCM-M500-KG5N-S00,4719512065532,235 mm,512 mm,548 mm,E-ATX,ATX,412 mm,190 mm,0/0,0/6,2/6,0/0,4,4,black,True,True,False
Cooler Master MasterCase MC500M TG Midi-Tower - black,$170.93 USD,Cooler Master,MCM-M500M-KG5N-S00,4719512065563,235 mm,528.6 mm,548 mm,E-ATX,ATX,412 mm,190 mm,0/0,0/6,2/6,0/0,1,4,black,True,True,False
Cooler Master MasterCase MC500MT TG Midi-Tower - black,$217.07 USD,Cooler Master,MCM-M500T-RH5N-S00,4719512065570,235 mm,528.6 mm,548 mm,E-ATX,ATX,412 mm,190 mm,0/0,0/6,2/6,0/0,1,4,black,True,True,False
Cooler Master MasterCase MC500P TG Midi-Tower - black,$137.07 USD,Cooler Master,MCM-M500P-KG5N-S00,4719512065549,235 mm,512 mm,548 mm,E-ATX,ATX,412 mm,190 mm,0/0,0/6,3/6,0/0,4,4,black,True,True,False
Cooler Master MasterCase MC600P TG Midi-Tower - black,$139.97 USD,Cooler Master,MCM-M600P-KG5N-S00,4719512065556,235 mm,548 mm,544 mm,E-ATX,ATX,412 mm,190 mm,0/0,0/6,3/6,0/0,4,4,black,True,True,False
Cooler Master MasterCase Pro 5 Midi-Tower - black Window,$87.04 USD,Cooler Master,MCY-005P-KWN00,4719512048344,235 mm,512 mm,548 mm,ATX,ATX,412 mm,190 mm,0/0,0/6,3/5,0/0,7,5,black,True,True,False
"Cooler Master MasterCase SL600M Midi-Tower, Tempered Glass - silver",$199.25 USD,Cooler Master,MCM-SL600M-SGNN-S00,4719512075135,242 mm,544 mm,573 mm,E-ATX,ATX,318 mm,191 mm,0/0,0/6,0/4,2/4,4,0,black silver,False,True,False
Cooler Master N200 NSE-200-KKN1 Midi-Tower - black,$47.14 USD,Cooler Master,NSE-200-KKN1,4719512042687,202 mm,445 mm,378 mm,Micro-ATX,ATX,355 mm,160 mm,0/0,2/5,0/1,0/0,4,2,black,True,True,False
Cooler Master Silencio S400 Steel Silent Mini-Tower - black,$93.56 USD,Cooler Master,MCS-S400-KN5N-S00,4719512087381,210 mm,418 mm,408 mm,Micro-ATX,ATX,319 mm,167 mm,0/0,2/5,0/4,0/0,4,4,black,True,True,True
Cooler Master Silencio S600 Steel Silent Midi-Tower - black,$115.32 USD,Cooler Master,MCS-S600-KN5N-S00,4719512087398,209 mm,478 mm,470.5 mm,ATX,ATX,398 mm,167 mm,0/0,2/5,0/4,0/0,5,4,black,True,True,True
Cooler Master Silencio SIL-352M-KKN1 Micro-ATX - black,$74.98 USD,Cooler Master,SIL-352M-KKN1,4719512045275,200 mm,453 mm,378 mm,Micro-ATX,ATX,355 mm,155 mm,0/0,2/4,0/0,0/0,4,2,black,True,True,True
Corsair 4000D Tempered Glass Midi-Tower - black Window,$87.04 USD,Corsair,CC-9011198-WW,840006621867,230 mm,453 mm,466 mm,E-ATX,ATX,360 mm,170 mm,0/0,2/6,0/4,0/0,2,0,black,True,True,False
Corsair 4000D Tempered Glass Midi-Tower - white Window,$87.04 USD,Corsair,CC-9011199-WW,840006621881,230 mm,453 mm,466 mm,E-ATX,ATX,360 mm,170 mm,0/0,2/6,0/4,0/0,2,0,white,True,True,False
"Corsair 5000D Midi-Tower, Tempered Glass - black",$152.32 USD,Corsair,CC-9011208-WW,840006627432,245 mm,520 mm,520 mm,E-ATX,ATX,420 mm,170 mm,0/0,2/10,0/4,0/0,4,1,black,True,True,False
"Corsair 5000D Midi-Tower, Tempered Glass - white",$152.32 USD,Corsair,CC-9011209-WW,840006627456,245 mm,520 mm,520 mm,E-ATX,ATX,420 mm,170 mm,0/0,2/10,0/4,0/0,4,2,white,True,True,False
Corsair Carbide 110Q Midi-Tower - black,$76.16 USD,Corsair,CC-9011184-WW,840006614883,210 mm,418 mm,480 mm,ATX,ATX,330 mm,160 mm,0/0,0/4,0/2,0/0,2,0,black,True,True,True
Corsair Carbide 275R Airflow Midi-Tower - black Window,$72.53 USD,Corsair,CC-9011181-WW,840006610793,216 mm,455 mm,457 mm,ATX,ATX,370 mm,170 mm,0/0,3/6,0/3,0/0,4,0,black,True,True,False
Corsair Carbide 88R Micro-ATX - black,$54.4 USD,Corsair,CC-9011086-WW,843591068628,198 mm,448 mm,378 mm,Micro-ATX,ATX,383 mm,150 mm,0/0,1/5,0/0,0/0,3,2,black,True,True,False
Corsair Carbide Air 740 ATX Cube - black,$137.81 USD,Corsair,CC-9011096-WW,843591088497,340 mm,426 mm,510 mm,E-ATX,ATX,330 mm,170 mm,0/0,0/8,3/7,0/0,4,3,black,True,True,False
Corsair Carbide SPEC-04 Midi-Tower - black/yellow,$50.77 USD,Corsair,CC-9011108-WW,843591096881,201 mm,492 mm,433 mm,ATX,ATX,370 mm,150 mm,0/0,1/5,0/2,0/0,2,0,black,True,True,False
Corsair Carbide SPEC-04 Midi-Tower - black/grey,$47.14 USD,Corsair,CC-9011109-WW,843591096904,201 mm,492 mm,433 mm,ATX,ATX,370 mm,150 mm,0/0,1/5,0/2,0/0,2,0,black,True,True,False
Corsair Carbide SPEC-04 Midi-Tower - black/red,$36.26 USD,Corsair,CC-9011107-WW,843591096867,201 mm,492 mm,433 mm,ATX,ATX,370 mm,150 mm,0/0,1/5,0/2,0/0,2,0,black,True,True,False
"Corsair Carbide SPEC-04 Midi-Tower, Tempered Glass - black/red",$55.05 USD,Corsair,CC-9011117-WW,843591032308,201 mm,492 mm,433 mm,ATX,ATX,370 mm,150 mm,0/0,1/5,0/1,0/0,2,3,red black,True,True,False
Corsair Carbide SPEC-05 Midi-Tower - black/red,$50.77 USD,Corsair,CC-9011138-WW,843591065368,199 mm,483 mm,433 mm,ATX,ATX,370 mm,150 mm,0/0,1/6,0/2,0/0,3,0,black,True,True,False
"Corsair Carbide SPEC-06 RGB, Tempered Glass Midi-Tower - black",$94.29 USD,Corsair,CC-9011146-WW,843591076425,215 mm,455 mm,474 mm,ATX,ATX,370 mm,170 mm,0/0,2/6,0/3,0/0,4,2,black,True,True,False
"Corsair Carbide SPEC-06 RGB, Tempered Glass Midi-Tower - white",$94.29 USD,Corsair,CC-9011147-WW,843591076449,215 mm,455 mm,474 mm,ATX,ATX,370 mm,170 mm,0/0,2/6,0/3,0/0,4,2,white,True,True,False
"Corsair Carbide SPEC-06, Tempered Glass Midi-Tower - black",$87.04 USD,Corsair,CC-9011144-WW,843591076388,215 mm,455 mm,474 mm,ATX,ATX,370 mm,170 mm,0/0,2/6,0/3,0/0,4,2,black,True,True,False
"Corsair Carbide SPEC-06, Tempered Glass Midi-Tower - white",$87.04 USD,Corsair,CC-9011145-WW,843591076401,215 mm,455 mm,474 mm,ATX,ATX,370 mm,170 mm,0/0,2/6,0/3,0/0,4,2,white,True,True,False
Corsair Crystal 280X Midi-Tower - black,$105.7 USD,Corsair,CC-9011134-WW,843591065177,398 mm,351 mm,276 mm,Micro-ATX,ATX,300 mm,150 mm,0/0,1/8,0/8,0/0,3,2,black,True,True,False
Corsair Crystal 280X Midi-Tower - white,$106.72 USD,Corsair,CC-9011136-WW,843591065214,398 mm,351 mm,276 mm,Micro-ATX,ATX,300 mm,150 mm,0/0,1/8,0/8,0/0,3,0,white,True,True,False
Corsair Crystal 280X RGB Midi-Tower - black,$130.56 USD,Corsair,CC-9011135-WW,843591065191,398 mm,351 mm,276 mm,Micro-ATX,ATX,300 mm,150 mm,0/0,2/8,0/8,0/0,3,0,black,True,True,False
Corsair Crystal 280X RGB Midi-Tower - white,$177.71 USD,Corsair,CC-9011137-WW,843591065238,398 mm,351 mm,276 mm,Micro-ATX,ATX,300 mm,150 mm,0/0,2/8,0/8,0/0,3,0,white,True,True,False
Corsair Crystal 465X RGB Midi-Tower - black Window,$142.63 USD,Corsair,CC-9011188-WW,840006617723,216 mm,467 mm,455 mm,ATX,ATX,370 mm,170 mm,0/0,3/6,0/3,0/0,4,2,black,True,True,False
Corsair Crystal 465X RGB Midi-Tower - white Window,$162.47 USD,Corsair,CC-9011189-WW,840006617747,216 mm,467 mm,455 mm,ATX,ATX,370 mm,170 mm,0/0,3/6,0/3,0/0,4,2,grey black,True,True,False
Corsair Graphite 760T V2 Big-Tower - black Window,$169.27 USD,Corsair,CC-9011073-WW,843591055697,246 mm,564 mm,568 mm,E-ATX,ATX,450 mm,170 mm,0/0,0/7,3/6,0/0,10,6,black,True,True,False
Corsair Graphite 760T V2 Big-Tower - black/white Window,$179.02 USD,Corsair,CC-9011074-WW,843591055703,246 mm,564 mm,568 mm,E-ATX,ATX,450 mm,170 mm,0/0,0/7,3/6,0/0,10,6,black-and-white,True,True,False
Corsair Graphite 780T Big-Tower - black,$169.11 USD,Corsair,CC-9011063-WW,843591049870,288 mm,637 mm,602 mm,E-ATX,ATX,355 mm,200 mm,0/0,0/9,3/5,0/0,9,6,black,False,True,False
Corsair iCUE 4000X RGB Tempered Glass Midi-Tower - black Window,$116.05 USD,Corsair,CC-9011204-WW,840006626633,230 mm,453 mm,466 mm,E-ATX,ATX,360 mm,170 mm,0/0,3/6,0/4,0/0,2,0,black,True,True,False
Corsair iCUE 4000X RGB Tempered Glass Midi-Tower - white Window,$134.19 USD,Corsair,CC-9011205-WW,840006626657,230 mm,453 mm,466 mm,E-ATX,ATX,360 mm,170 mm,0/0,3/6,0/4,0/0,2,0,white,True,True,False
"Corsair iCUE 5000T Midi-Tower, RGB, Tempered Glass - black",$311.9 USD,Corsair,CC-9011230-WW,840006645160,251 mm,530 mm,560 mm,E-ATX,ATX,400 mm,170 mm,0/0,3/7,0/2,0/0,4,2,black,True,True,False
"Corsair iCUE 5000T Midi-Tower, RGB, Tempered Glass - white",$311.9 USD,Corsair,CC-9011231-WW,840006645184,251 mm,530 mm,560 mm,E-ATX,ATX,400 mm,170 mm,0/0,3/7,0/2,0/0,4,2,"grey, black, white",True,True,False
"Corsair iCUE 5000X RGB Midi-Tower, Tempered Glass - black",$170.46 USD,Corsair,CC-9011212-WW,840006627517,245 mm,520 mm,520 mm,E-ATX,ATX,420 mm,170 mm,0/0,3/10,0/4,0/0,4,2,black,True,True,False
"Corsair iCUE 5000X RGB Midi-Tower, Tempered Glass - white",$221.23 USD,Corsair,CC-9011213-WW,840006627531,245 mm,520 mm,520 mm,E-ATX,ATX,420 mm,170 mm,0/0,3/10,0/4,0/0,4,2,white,True,True,False
"Corsair Obsidian 1000D Big-Tower, Tempered Glass - black",$597.93 USD,Corsair,CC-9011148-WW,843591076807,307 mm,693 mm,697 mm,E-ATX,ATX,400 mm,180 mm,0/0,0/10,0/3,0/0,6,5,black,True,True,False
"Corsair Obsidian 500D Premium Midi-Tower, Tempered Glass - black Window",$137.81 USD,Corsair,CC-9011116-WW,843591032278,233 mm,502 mm,508 mm,ATX,ATX,370 mm,170 mm,0/0,2/6,0/4,0/0,3,2,black,True,True,False
Corsair Obsidian 500D RGB Special Ed Midi-Tower - black Window,$228.49 USD,Corsair,CC-9011139-WW,843591065399,237 mm,500 mm,507 mm,ATX,ATX,370 mm,170 mm,0/0,3/6,0/4,0/0,3,2,black,True,True,False
Corsair Obsidian 750D Airflow Ed Big-Tower - black Window,$152.32 USD,Corsair,CC-9011078-WW,843591057622,235 mm,546 mm,560 mm,E-ATX,ATX,450 mm,170 mm,0/0,0/8,3/5,0/0,10,6,black,True,True,False
Corsair Obsidian 750D Big-Tower - black Window,$145.07 USD,Corsair,CC-9011035-WW,843591043786,235 mm,546 mm,560 mm,E-ATX,ATX,450 mm,170 mm,0/0,0/8,3/5,0/0,10,6,black,True,True,False
Cougar QBX Mini-ITX - black Mesh Window,$54.4 USD,Cougar,108M020.0002,4715302445973,178 mm,368 mm,260 mm,Mini-ITX,ATX,350 mm,105 mm,0/1,0/5,0/0,0/0,3,1,black,True,False,False
Crystal Series 460X RGB Compact ATX Mid-Tower,$130.56 USD,Corsair,CC-9011101-WW,843591093590,220 mm,464 mm,440 mm,ATX,ATX,370 mm,170 mm,0/0,3/4,0/2,0/0,3,2,black,False,False,False
Crystal Series 460X RGB Compact ATX Mid-Tower — White,$116.05 USD,Corsair,CC-9011129-WW,843591064231,220 mm,464 mm,440 mm,ATX,ATX,370 mm,170 mm,0/0,3/4,0/2,0/0,3,2,white,False,False,False
Crystal Series 570X RGB ATX Mid-Tower,$130.56 USD,Corsair,CC-9011098-WW,843591091657,234 mm,512 mm,480 mm,ATX,ATX,370 mm,170 mm,0/0,3/4,0/2,0/0,2,2,black,False,False,False
Crystal Series 570X RGB ATX Mid-Tower — Red,$165.75 USD,Corsair,CC-9011111-WW,843591097284,234 mm,512 mm,480 mm,ATX,ATX,370 mm,170 mm,0/0,3/4,0/2,0/0,2,2,red,False,False,False
Crystal Series 570X RGB ATX Mid-Tower — White,$201.76 USD,Corsair,CC-9011110-WW,843591097260,234 mm,512 mm,480 mm,ATX,ATX,370 mm,170 mm,0/0,3/4,0/2,0/0,2,2,white,False,False,False
Fractal Design Core 1100 Micro-ATX - black,$36.26 USD,Fractal Design,FD-CA-CORE-1100-BL,7350041081913,175 mm,410 mm,358 mm,Micro-ATX,ATX,350 mm,148 mm,0/0,1/6,0/2,0/0,4,3,black,True,False,False
Fractal Design Core 500 Mini-ITX - black,$95.87 USD,Fractal Design,FD-CA-CORE-500-BK,7350041082644,250 mm,367 mm,203 mm,Mini-ITX,ATX,310 mm,170 mm,0/0,0/3,1/3,0/0,3,3,black,True,False,False
"Fractal Design Define 7 Black & White Midi-Tower - isolated, black/white",$189.98 USD,Fractal Design,FD-C-DEF7A-04,7340172702221,240 mm,547 mm,475 mm,E-ATX,ATX,491 mm,185 mm,0/0,0/9,3/9,0/0,2,0,black-and-white,True,True,False
"Fractal Design Define 7 Black & White TG Midi-Tower - Tempered Glass, isolated, black/white",$174.08 USD,Fractal Design,FD-C-DEF7A-05,7340172702238,240 mm,547 mm,475 mm,E-ATX,ATX,467 mm,185 mm,0/0,0/9,3/9,0/0,2,0,black-and-white,True,True,True
"Fractal Design Define 7 Black Dark TG Midi-Tower - getöntes Tempered Glass, isolated, black",$145.79 USD,Fractal Design,FD-C-DEF7A-03,7340172702214,240 mm,547 mm,475 mm,E-ATX,ATX,491 mm,185 mm,0/0,0/9,3/9,0/0,2,0,black,True,True,True
"Fractal Design Define 7 Black Midi-Tower - isolated, black",$184.82 USD,Fractal Design,FD-C-DEF7A-01,7340172702191,240 mm,547 mm,475 mm,E-ATX,ATX,491 mm,185 mm,0/0,0/9,3/9,0/0,2,0,black,True,True,True
"Fractal Design Define 7 Gray Midi-Tower - isolated, grey",$187.3 USD,Fractal Design,FD-C-DEF7A-07,7340172702252,240 mm,547 mm,475 mm,E-ATX,ATX,491 mm,185 mm,0/0,0/9,3/9,0/0,2,0,gray,True,True,True
"Fractal Design Define 7 Gray TG Midi-Tower - Tempered Glass, isolated, grey",$198.7 USD,Fractal Design,FD-C-DEF7A-08,7340172702269,240 mm,547 mm,475 mm,E-ATX,ATX,491 mm,185 mm,0/0,0/9,3/9,0/0,2,0,gray,True,True,True
"Fractal Design Define 7 White Midi-Tower - isolated, white",$181.34 USD,Fractal Design,FD-C-DEF7A-09,7340172702276,240 mm,547 mm,475 mm,E-ATX,ATX,491 mm,185 mm,0/0,0/9,3/9,0/0,2,0,white,True,True,True
"Fractal Design Define 7 White TG Midi-Tower - Tempered Glass, isolated, white",$198.7 USD,Fractal Design,FD-C-DEF7A-06,7340172702245,240 mm,547 mm,475 mm,E-ATX,ATX,491 mm,185 mm,0/0,0/9,3/9,0/0,2,0,white,True,True,True
Fractal Design Define C Midi-Tower - black,$93.56 USD,Fractal Design,FD-CA-DEF-C-BK,7350041084303,210 mm,399 mm,440 mm,ATX,ATX,315 mm,170 mm,0/0,2/7,0/4,0/0,5,2,black,True,True,True
"Fractal Design Define C TG Midi-Tower, black, Tempered Glass",$94.29 USD,Fractal Design,FD-CA-DEF-C-BK-TG,7350041085683,217 mm,413 mm,453 mm,ATX,ATX,315 mm,172 mm,0/0,2/7,0/4,0/0,5,2,black,True,True,False
Fractal Design Define Mini C Micro-ATX - black,$117.76 USD,Fractal Design,FD-CA-DEF-MINI-C-BK,7350041084327,212 mm,399 mm,399 mm,Micro-ATX,ATX,315 mm,172 mm,0/0,2/6,0/4,0/0,3,2,black,True,True,True
Fractal Design Define Mini C Tempered Glass Micro-ATX - black,$83.41 USD,Fractal Design,FD-CA-DEF-MINI-C-BK-TG,7350041085690,212 mm,399 mm,399 mm,Micro-ATX,ATX,315 mm,172 mm,0/0,2/6,0/4,0/0,3,2,black,True,True,True
Fractal Design Define Nano S Mini-ITX - black Window,$76.16 USD,Fractal Design,FD-CA-DEF-NANO-S-BK-W,7350041084136,203 mm,400 mm,330 mm,Mini-ITX,ATX,315 mm,160 mm,0/0,1/6,1/4,0/0,4,2,black,True,True,True
Fractal Design Define R5 Black Pearl Midi-Tower - black,$101.55 USD,Fractal Design,FD-CA-DEF-R5-BK,7350041082583,232 mm,531 mm,462 mm,ATX,ATX,310 mm,180 mm,0/0,0/7,2/9,0/0,10,8,black,True,True,True
Fractal Design Define R5 Blackout Edition Midi-Tower - black Window,$140.41 USD,Fractal Design,FD-CA-DEF-R5-BKO-W,7350041083283,232 mm,531 mm,462 mm,ATX,ATX,310 mm,180 mm,0/0,0/7,2/9,0/0,10,8,black,True,True,True
Fractal Design Define R6 Black Midi-Tower - black,$159.17 USD,Fractal Design,FD-CA-DEF-R6-BK,7350041085867,233 mm,543 mm,465 mm,E-ATX,ATX,440 mm,185 mm,0/0,0/10,3/8,0/0,2,6,black,True,True,True
Fractal Design Define R6 Blackout Midi-Tower - black,$136.36 USD,Fractal Design,FD-CA-DEF-R6-BKO,7350041085874,233 mm,543 mm,465 mm,E-ATX,ATX,300 mm,185 mm,0/0,0/12,3/10,0/0,10,8,black,True,True,True
Fractal Design Define R6 USB-C Midi-Tower - grey,$168.05 USD,Fractal Design,FD-CA-DEF-R6C-GY,7340172701170,233 mm,543 mm,465 mm,E-ATX,ATX,440 mm,185 mm,0/0,0/12,3/10,0/0,10,8,"grey, gunmetal",True,True,True
Fractal Design Define R6 USB-C Midi-Tower - black,$169.09 USD,Fractal Design,FD-CA-DEF-R6C-BKO,7340172701156,233 mm,543 mm,465 mm,E-ATX,ATX,440 mm,185 mm,0/0,0/9,3/7,0/0,2,0,black,True,True,True
Fractal Design Define R6 USB-C Midi-Tower - black/white,$145.07 USD,Fractal Design,FD-CA-DEF-R6C-BK,7340172701132,233 mm,543 mm,465 mm,E-ATX,ATX,440 mm,185 mm,0/0,0/9,3/7,0/0,2,0,black,True,True,True
Fractal Design Define R6 USB-C Midi-Tower - Tempered Glass - black/white,$163.2 USD,Fractal Design,FD-CA-DEF-R6C-BK-TGL,7340172701149,233 mm,543 mm,465 mm,E-ATX,ATX,440 mm,185 mm,0/0,0/9,3/7,0/0,2,0,black,True,True,True
"Fractal Design Define R6 USB-C Midi-Tower - Tempered Glass, black",$163.2 USD,Fractal Design,FD-CA-DEF-R6C-BKO-TGL,7340172701163,233 mm,543 mm,465 mm,E-ATX,ATX,440 mm,185 mm,0/0,0/9,3/7,0/0,2,0,black,True,True,True
"Fractal Design Define R6 USB-C Midi-Tower - Tempered Glass, white",$197.13 USD,Fractal Design,FD-CA-DEF-R6C-WT-TGC,7340172701200,233 mm,543 mm,465 mm,E-ATX,ATX,440 mm,185 mm,0/0,0/9,3/7,0/0,2,0,white,True,True,True
Fractal Design Define R6 USB-C Midi-Tower - white,$144.3 USD,Fractal Design,FD-CA-DEF-R6C-WT,7340172701194,233 mm,543 mm,465 mm,E-ATX,ATX,440 mm,185 mm,0/0,0/12,3/10,0/0,10,8,white,True,True,True
Fractal Design Define R6 White Tempered Glass Midi-Tower - white,$179.88 USD,Fractal Design,FD-CA-DEF-R6-WT-TG,7350041085928,233 mm,543 mm,465 mm,E-ATX,ATX,440 mm,185 mm,0/0,0/9,3/8,0/0,2,6,white,True,True,True
"Fractal Design Define S2 Blackout Midi-Tower, Tempered Glass, isolated - black",$141.44 USD,Fractal Design,FD-CA-DEF-S2-BKO-TGL,7340172701071,233 mm,543 mm,465 mm,E-ATX,ATX,440 mm,185 mm,0/0,0/9,3/9,0/0,2,0,black,True,True,True
"Fractal Design Define S2 Midi-Tower, Tempered Glass - white",$159.58 USD,Fractal Design,FD-CA-DEF-S2-WT-TGC,7340172701057,233 mm,543 mm,465 mm,E-ATX,ATX,440 mm,185 mm,0/0,0/9,3/9,0/0,2,0,white,True,True,True
"Fractal Design Define S2 Midi-Tower, Tempered Glass, isolated - grey",$134.19 USD,Fractal Design,FD-CA-DEF-S2-GY-TGL,7340172701064,233 mm,543 mm,465 mm,E-ATX,ATX,440 mm,185 mm,0/0,0/9,3/9,0/0,2,0,"gunmetal, black",True,True,True
"Fractal Design Define S2 Midi-Tower, Tempered Glass, isolated - black/white",$159.58 USD,Fractal Design,FD-CA-DEF-S2-BK-TGL,7340172701040,233 mm,543 mm,465 mm,E-ATX,ATX,440 mm,185 mm,0/0,0/9,3/9,0/0,2,0,black,True,True,True
"Fractal Design Define S2 Vision Blackout Midi-Tower, Tempered Glass - black",$202.37 USD,Fractal Design,FD-CA-DEF-S2V-BKO-TGD,7340172701767,233 mm,543 mm,465 mm,E-ATX,ATX,440 mm,185 mm,0/0,0/9,4/9,0/0,2,0,"black, transparent",True,True,False
"Fractal Design Define S2 Vision RGB Midi-Tower, Tempered Glass - black",$217.61 USD,Fractal Design,FD-CA-DEF-S2V-RGB-BKO-TGD,7340172701750,233 mm,543 mm,465 mm,E-ATX,ATX,440 mm,185 mm,0/0,0/9,4/9,0/0,2,0,"black, transparent",True,True,False
Fractal Design Focus G Midi-Tower - blue Window,$47.87 USD,Fractal Design,FD-CA-FOCUS-BU-W,7350041085164,205 mm,464 mm,444 mm,ATX,ATX,380 mm,165 mm,0/0,2/6,0/4,0/0,1,2,blue,True,True,False
Fractal Design Focus G Midi-Tower - grey Window,$54.4 USD,Fractal Design,FD-CA-FOCUS-GY-W,7350041085140,205 mm,464 mm,444 mm,ATX,ATX,380 mm,165 mm,0/0,2/6,0/4,0/0,1,2,gray,True,True,False
Fractal Design Focus G Midi-Tower - red Window,$64.54 USD,Fractal Design,FD-CA-FOCUS-RD-W,7350041085188,205 mm,464 mm,444 mm,ATX,ATX,380 mm,165 mm,0/0,2/6,0/4,0/0,3,2,red,True,True,False
Fractal Design Focus G Midi-Tower - white Window,$51.49 USD,Fractal Design,FD-CA-FOCUS-WT-W,7350041085126,205 mm,464 mm,444 mm,ATX,ATX,380 mm,165 mm,0/0,2/6,0/4,0/0,3,2,white,True,True,False
Fractal Design Focus G Mini Micro-ATX - black Window,$54.4 USD,Fractal Design,FD-CA-FOCUS-MINI-BK-W,7350041084914,205 mm,464 mm,383 mm,Micro-ATX,ATX,380 mm,165 mm,0/0,2/6,0/3,0/0,3,2,black,True,True,False
Fractal Design Meshify S2 Midi-Tower - black,$170.59 USD,Fractal Design,FD-CA-MESH-S2-BKO,7340172701446,233 mm,538 mm,465 mm,E-ATX,ATX,440 mm,185 mm,0/0,0/9,3/9,0/0,2,0,black,True,True,False
Fractal Design Meshify S2 TG Midi-Tower - white,$152.32 USD,Fractal Design,FD-CA-MESH-S2-WT-TGC,7340172701477,233 mm,538 mm,465 mm,E-ATX,ATX,440 mm,185 mm,0/0,0/9,3/9,0/0,2,0,white,True,True,False
Fractal Design Node 304 Mini-ITX - black,$87.04 USD,Fractal Design,FD-CA-NODE-304-BL,7350041080978,250 mm,374 mm,210 mm,Mini-ITX,ATX,310 mm,165 mm,0/0,0/0,1/1,0/0,6,6,black,True,False,False
Fractal Design Node 804 Micro-ATX - black Window,$125.91 USD,Fractal Design,FD-CA-NODE-804-BL-W,7350041082019,344 mm,389 mm,307 mm,Micro-ATX,ATX,320 mm,160 mm,0/0,2/3,0/0,0/0,4,10,black,True,True,False
"Fractal Design Vector RS, Midi-Tower, Tempered Glass - black",$212.27 USD,Fractal Design,FD-C-VER1A-01,7340172701965,233 mm,552 mm,498 mm,E-ATX,ATX,465 mm,185 mm,0/0,0/9,3/9,0/0,4,0,black,True,True,True
Graphite Series 380T Yellow Portable Mini ITX,$56.48 USD,Corsair,CC-9011065-WW,5695696130350,292 mm,356 mm,393 mm,Mini-ITX,ATX,290 mm,150 mm,0/0,1/5,1/0,0/0,2,0,yellow,False,False,False
Graphite Series 780T White Full-Tower,$243.15 USD,Corsair,CC-9011059-WW,5052184597192,288 mm,602 mm,637 mm,E-ATX,ATX,355 mm,200 mm,0/0,0/8,3/4,0/0,3,0,white,False,False,False
IN WIN 305 Midi-Tower - white,$128.96 USD,IN WIN,305 WHITE,4710474944576,248 mm,485 mm,500 mm,ATX,ATX,350 mm,160 mm,0/0,0/7,0/0,0/0,2,2,white,True,True,False
IN WIN 901 Design Mini-ITX Tower - black,$197.59 USD,IN WIN,901 BLACK,4710474936175,173 mm,400 mm,350 mm,Mini-ITX,ATX,300 mm,130 mm,0/0,0/2,0/0,0/0,2,2,black,True,False,False
InWin 101 Midi-Tower - black,$57.29 USD,IN WIN,101 BLACK,4710474943678,220 mm,480 mm,445 mm,Micro-ATX,ATX,421 mm,160 mm,0/0,0/6,0/0,0/0,2,2,black,True,True,False
InWin 101 Midi-Tower - white,$57.29 USD,IN WIN,101 WHITE,4710474943661,220 mm,480 mm,445 mm,Micro-ATX,ATX,421 mm,160 mm,0/0,0/6,0/0,0/0,2,2,white,True,True,False
InWin 301 Micro-ATX - black,$72.53 USD,IN WIN,301 BLACK,4710474943180,208 mm,370 mm,365 mm,Micro-ATX,ATX,330 mm,158 mm,0/0,0/5,0/0,0/0,3,1,black,True,True,False
InWin 301 Micro-ATX - white,$72.53 USD,IN WIN,301 WHITE,4710474943197,208 mm,370 mm,365 mm,Micro-ATX,ATX,330 mm,158 mm,0/0,0/5,0/0,0/0,3,1,white,True,True,False
InWin 301C Micro-ATX - black,$100.11 USD,IN WIN,301C Black,4710474943838,208 mm,370 mm,365 mm,Micro-ATX,ATX,330 mm,158 mm,0/0,0/5,0/0,0/0,2,1,black,True,True,False
InWin 301C Micro-ATX - white,$97.06 USD,IN WIN,301C White,4710474943845,208 mm,370 mm,365 mm,Micro-ATX,ATX,330 mm,158 mm,0/0,0/5,0/0,0/0,2,1,white,True,True,False
InWin 303 Midi-Tower - white,$133.45 USD,IN WIN,303 White,4710474940110,215 mm,480 mm,500 mm,E-ATX,ATX,350 mm,160 mm,0/0,0/7,0/0,0/0,3,2,white,True,True,False
"InWin 309 Midi-Tower, RGB, Tempered Glass - black",$217.61 USD,IN WIN,IW-309-Black,4710474947874,238 mm,553 mm,500 mm,ATX,ATX,350 mm,160 mm,0/0,4/7,0/0,0/0,2,2,black,True,True,False
"InWin A1 Plus Mini-ITX, inkl. 650 Watt - black",$144.34 USD,IN WIN,A1 PLUS BLACK,4710474947614,224 mm,357 mm,273 mm,Mini-ITX,ATX,320 mm,160 mm,0/0,2/4,0/0,0/0,2,0,black,True,True,False
"InWin A1 Plus Mini-ITX, inkl. 650 Watt - white",$166.83 USD,IN WIN,A1 PLUS WHITE,4710474947607,224 mm,357 mm,273 mm,Mini-ITX,ATX,320 mm,160 mm,0/0,2/4,0/0,0/0,2,0,white,True,True,False
"Lian Li LANCOOL 216 RGB, E-ATX, Midi-Tower - black",$108.8 USD,Lian Li,LANCOOL216RX,4718466012944,235 mm,481 mm,492 mm,E-ATX,ATX,392 mm,1805 mm,0/0,0/10,1/7,0/0,4,0,black,True,False,False
"Lian Li LANCOOL 216 RGB, E-ATX, Midi-Tower - white",$116.05 USD,Lian Li,LANCOOL216RW,4718466012951,235 mm,481 mm,492 mm,E-ATX,ATX,392 mm,1805 mm,0/0,0/10,1/7,0/0,4,0,white,True,False,False
"Lian Li LANCOOL II Mesh C RGB Midi-Tower, Tempered Glass - black",$153.17 USD,Lian Li,Lancool II mesh C RGB black,4718466010599,229 mm,478 mm,494 mm,E-ATX,ATX,384 mm,176 mm,0/0,3/8,0/4,0/0,6,0,black,True,False,False
"Lian Li LANCOOL II Mesh C RGB Snow Edition Midi-Tower, Tempered Glass - white",$95.74 USD,Lian Li,Lancool II mesh C RGB snow,4718466010605,229 mm,478 mm,494 mm,E-ATX,ATX,384 mm,176 mm,0/0,3/8,0/4,0/0,8,0,black-and-white,True,False,False
"Lian Li LANCOOL II Mesh RGB Midi-Tower, Tempered Glass - white",$116.95 USD,Lian Li,Lancool II mesh RGB white,4718466009500,229 mm,478 mm,494 mm,E-ATX,ATX,384 mm,176 mm,0/0,3/8,0/4,0/0,6,0,white,True,True,False
"Lian Li LANCOOL III E-ATX, Midi-Tower - black",$189.71 USD,Lian Li,Lancool III Black,4718466011770,238 mm,526 mm,523 mm,E-ATX,ATX,420 mm,185 mm,0/0,0/10,4/9,0/0,8,0,black,False,True,False
"Lian Li LANCOOL III E-ATX, Midi-Tower, RGB - black",$209.05 USD,Lian Li,Lancool III RGB Black,4718466011794,238 mm,526 mm,523 mm,E-ATX,ATX,420 mm,185 mm,0/0,0/10,4/9,0/0,8,0,black,False,True,False
Lian Li LANCOOL ONE Digital Midi-Tower - black,$94.29 USD,Lian Li,LANCOOL ONE Digital,4718466008817,220 mm,450 mm,472 mm,E-ATX,ATX,420 mm,175 mm,0/0,2/9,0/4,0/0,4,2,black,True,True,False
Lian Li LANCOOL ONE Midi-Tower - black,$147.12 USD,Lian Li,LANCOOL ONE,4718466008800,220 mm,450 mm,472 mm,E-ATX,ATX,420 mm,175 mm,0/0,2/9,0/4,0/0,4,2,black,True,True,False
"Lian Li O11 Air Mini, Midi-Tower, Tempered Glass - black",$101.55 USD,Lian Li,O11 AIR MINI BLACK,4718466010681,288 mm,400 mm,384 mm,E-ATX,ATX,362 mm,170 mm,0/0,1/9,2/8,0/0,2,0,black,True,False,False
"Lian Li O11 Air Mini, Midi-Tower, Tempered Glass - white",$137.08 USD,Lian Li,O11 AIR MINI WHITE,4718466010698,288 mm,400 mm,384 mm,E-ATX,ATX,362 mm,170 mm,0/0,1/10,2/9,0/0,2,0,white,True,False,False
"Lian Li O11 Dynamic EVO, Tempered Glass - black",$159.58 USD,Lian Li,O11DEX,4718466011169,285 mm,465 mm,459 mm,E-ATX,ATX,422 mm,167 mm,0/0,0/10,0/6,0/0,11,4,black,True,True,False
"Lian Li O11 Dynamic EVO, Tempered Glass - white",$177.71 USD,Lian Li,O11DEW,4718466011176,285 mm,465 mm,459 mm,E-ATX,ATX,422 mm,167 mm,0/0,0/10,0/6,0/0,11,4,"grey, black, white",True,True,False
"Lian Li O11 Dynamic Mini, Midi-Tower, Tempered Glass - black",$120.39 USD,Lian Li,O11D MINI -X,4718466009722,0 mm,0 mm,0 mm,ATX,,395 mm,170 mm,0/0,0/0,0/0,0/0,0,0,black,False,False,False
"Lian Li O11 Dynamic Mini, Midi-Tower, Tempered Glass - white",$114.85 USD,Lian Li,O11D MINI -W,4718466009739,269.5 mm,420 mm,380 mm,ATX,"SFX-L, SFX",395 mm,170 mm,0/0,0/0,0/0,0/0,2,0,white,True,True,False
Lian Li O11Dynamic XL (ROG Certified) Midi-Tower - black,$195.84 USD,Lian Li,O11DXL-X,4718466009043,285 mm,471 mm,513 mm,E-ATX,ATX,446 mm,167 mm,0/0,0/10,0/4,0/0,6,0,black,True,True,False
Lian Li O11Dynamic XL (ROG Certified) Midi-Tower - white,$181.34 USD,Lian Li,O11DXL-W,4718466009050,285 mm,471 mm,513 mm,E-ATX,ATX,446 mm,167 mm,0/0,0/10,0/4,0/0,6,0,white,True,True,False
"Lian Li PC-O11 Air Midi-Tower, Tempered Glass - black",$139.75 USD,Lian Li,PC-O11AIR,4718466008756,270 mm,476 mm,465 mm,E-ATX,ATX,420 mm,155 mm,0/2,2/12,0/4,0/0,6,3,black,True,True,False
"Lian Li PC-O11 Air RGB Midi-Tower, Tempered Glass - black",$131.29 USD,Lian Li,PC-O11AIR RGB,4718466008763,270 mm,476 mm,465 mm,E-ATX,ATX,420 mm,155 mm,0/2,5/12,0/4,0/0,6,3,black,True,True,False
"Lian Li PC-O11D Razer Edition Midi-Tower, Tempered Glass",$166.83 USD,Lian Li,PC-O11DRE,4718466008923,272 mm,445 mm,446 mm,E-ATX,ATX,420 mm,155 mm,0/0,0/9,0/2,0/0,6,3,black,True,True,False
"Lian Li PC-O11DW Dynamic Midi-Tower, Tempered Glass - white",$123.31 USD,Lian Li,PC-O11DW,4718466008695,272 mm,445 mm,446 mm,E-ATX,ATX,420 mm,155 mm,0/0,0/9,0/4,0/0,4,2,black-and-white,True,True,False
"Lian Li PC-O11DX Dynamic Midi-Tower, Tempered Glass - black",$126.93 USD,Lian Li,PC-O11DX,4718466008633,272 mm,445 mm,446 mm,E-ATX,ATX,420 mm,155 mm,0/0,0/9,0/4,0/0,4,2,black,True,True,False
"Lian Li TU150WX Mini-Tower, Tempered Glass - black",$118.95 USD,Lian Li,TU150WX,4718466009067,203 mm,375 mm,312 mm,Mini-ITX,"SFX, SFX-L",320 mm,165 mm,0/0,0/4,0/0,0/0,1,0,black,True,True,False
"Montech AIR 1000 Premium, Midi-Tower, Tempered Glass - white",$118.56 USD,Montech,AIR 1000 PREMIUM WH,4710562749779,220 mm,416 mm,495 mm,ATX,ATX,340 mm,170 mm,0/0,1/8,3/5,0/0,4,0,white,True,False,False
"Montech AIR 1000 Premium, Midi-Tower, Tempered Glass, - black",$130.94 USD,Montech,AIR 1000 PREMIUM BK,4710562745689,220 mm,416 mm,495 mm,ATX,ATX,340 mm,170 mm,0/0,1/8,3/5,0/0,4,0,black,True,False,False
"Montech SKY ONE Lite, Midi-Tower, Tempered Glass - white",$97.58 USD,Montech,SKY ONE LITE WT,4710562746891,220 mm,416 mm,490 mm,ATX,ATX,350 mm,170 mm,0/0,3/8,0/5,0/0,4,0,white,True,False,False
"Montech SKY TWO, Midi-Tower - black",$97.92 USD,Montech,SKY TWO BK,4710562747317,215 mm,430 mm,490 mm,ATX,ATX,400 mm,168 mm,0/0,4/8,0/2,0/0,3,2,black,True,False,False
"Montech SKY TWO, Midi-Tower - white",$146.38 USD,Montech,SKY TWO WH,4710562747423,215 mm,430 mm,490 mm,ATX,ATX,400 mm,168 mm,0/0,4/8,0/2,0/0,3,2,white,True,False,False
NZXT H200 Mini-ITX - black Window,$90.24 USD,NZXT,CA-H200B-B1,5060301694228,210 mm,372 mm,349 mm,Mini-ITX,ATX,325 mm,165 mm,0/0,2/4,0/2,0/0,4,1,black,True,True,False
NZXT H200 Mini-ITX - black/red Window,$97.54 USD,NZXT,CA-H200B-BR,5060301694242,210 mm,372 mm,349 mm,Mini-ITX,ATX,325 mm,165 mm,0/0,2/4,0/2,0/0,4,1,black,True,True,False
"NZXT H200 Mini-ITX, TG - black/blue Window",$94.29 USD,NZXT,CA-H200B-BL,5060301694259,210 mm,372 mm,349 mm,Mini-ITX,ATX,325 mm,165 mm,0/0,2/4,0/2,0/0,4,1,black,True,True,False
"NZXT H200 Mini-ITX, TG - white/black Window",$93.68 USD,NZXT,CA-H200B-W1,5060301694235,210 mm,372 mm,349 mm,Mini-ITX,ATX,325 mm,165 mm,0/0,2/4,0/2,0/0,4,1,white,True,True,False
NZXT H200i Mini-ITX - black/red,$135.95 USD,NZXT,CA-H200W-BR,5060301693962,210 mm,372 mm,349 mm,Mini-ITX,ATX,325 mm,165 mm,0/0,2/4,0/2,0/0,4,1,black,True,True,False
NZXT H200i Mini-ITX - white/black Window,$152.25 USD,NZXT,CA-H200W-WB,5060301693955,210 mm,372 mm,349 mm,Mini-ITX,ATX,325 mm,165 mm,0/0,2/4,0/2,0/0,4,1,white,True,True,False
"NZXT H200i Mini-ITX, RGB, TG - black Window",$135.37 USD,NZXT,CA-H200W-BB,5060301693948,210 mm,372 mm,349 mm,Mini-ITX,ATX,325 mm,165 mm,0/0,2/4,0/2,0/0,4,1,black,True,True,False
"NZXT H200i Mini-ITX, RGB, TG - black/blue Window",$185.32 USD,NZXT,CA-H200W-BL,5060301693979,210 mm,372 mm,349 mm,Mini-ITX,ATX,325 mm,165 mm,0/0,2/4,0/2,0/0,4,1,black,True,True,False
"NZXT H210 Mini-ITX, TG - black Window",$68.9 USD,NZXT,CA-H210B-B1,5060301695133,210 mm,372 mm,349 mm,Mini-ITX,"ATX, SFX",325 mm,165 mm,0/0,2/4,0/2,0/0,3,0,black,True,True,False
"NZXT H210 Mini-ITX, TG - black/red Window",$64.54 USD,NZXT,CA-H210B-BR,5060301695157,210 mm,372 mm,349 mm,Mini-ITX,"ATX, SFX",325 mm,165 mm,0/0,2/4,0/2,0/0,3,0,red black,True,True,False
"NZXT H210 Mini-ITX, TG - white Window",$68.9 USD,NZXT,CA-H210B-W1,5060301695140,210 mm,372 mm,349 mm,Mini-ITX,"ATX, SFX",325 mm,165 mm,0/0,2/4,0/2,0/0,3,0,white,True,True,False
"NZXT H210i Mini-ITX, RGB, TG - black Window",$93.56 USD,NZXT,CA-H210i-B1,5060301695096,210 mm,372 mm,349 mm,Mini-ITX,"ATX, SFX",325 mm,165 mm,0/0,2/4,0/2,0/0,3,0,black,True,True,False
"NZXT H210i Mini-ITX, RGB, TG - black/red Window",$108.8 USD,NZXT,CA-H210i-BR,5060301695119,210 mm,372 mm,349 mm,Mini-ITX,"ATX, SFX",325 mm,165 mm,0/0,2/4,0/2,0/0,3,0,red black,True,True,False
"NZXT H210i Mini-ITX, RGB, TG - white Window",$94.29 USD,NZXT,CA-H210i-W1,5060301695102,210 mm,372 mm,349 mm,Mini-ITX,"ATX, SFX",325 mm,165 mm,0/0,2/4,0/2,0/0,3,0,white,True,True,False
NZXT H400 Micro-ATX - black Window,$102.7 USD,NZXT,CA-H400B-B1,5060301694181,210 mm,421 mm,417 mm,Micro-ATX,ATX,411 mm,164 mm,0/0,3/5,0/4,0/0,4,1,black,True,True,False
NZXT H400 Micro-ATX - black/red Window,$87.04 USD,NZXT,CA-H400B-BR,5060301694204,210 mm,421 mm,417 mm,Micro-ATX,ATX,411 mm,164 mm,0/0,3/5,0/4,0/0,4,1,black,True,True,False
NZXT H400 Micro-ATX - white/black Window,$101.55 USD,NZXT,CA-H400B-W1,5060301694198,210 mm,421 mm,393 mm,Micro-ATX,ATX,411 mm,164 mm,0/0,3/5,0/4,0/0,4,1,white,True,True,False
NZXT H400i Micro-ATX - black Window,$137.81 USD,NZXT,CA-H400W-BB,5060301693894,210 mm,421 mm,417 mm,Micro-ATX,ATX,411 mm,164 mm,0/0,3/5,0/4,0/0,4,1,black,True,True,False
NZXT H400i Micro-ATX - black/blue Window,$208.65 USD,NZXT,CA-H400W-BL,5060301693986,210 mm,421 mm,417 mm,Micro-ATX,ATX,411 mm,164 mm,0/0,3/5,0/4,0/0,4,1,black,True,True,False
NZXT H400i Micro-ATX - black/red Window,$115.2 USD,NZXT,CA-H400W-BR,5060301693887,210 mm,421 mm,417 mm,Micro-ATX,ATX,411 mm,164 mm,0/0,3/5,0/4,0/0,4,1,black,True,True,False
NZXT H400i Micro-ATX - white/black Window,$116.05 USD,NZXT,CA-H400W-WB,5060301693870,210 mm,421 mm,417 mm,Micro-ATX,ATX,411 mm,164 mm,0/0,3/5,0/4,0/0,4,1,white,True,True,False
NZXT H440 Envyus Midi-Tower - black,$166.41 USD,NZXT,CA-H442W-EN,5060301693153,220 mm,480 mm,513 mm,ATX,ATX,428 mm,180 mm,0/0,3/7,1/5,0/0,7,6,black,True,True,False
NZXT H440 V2 Midi-Tower - black Window,$108.8 USD,NZXT,CA-H442W-M8,5060301692927,220 mm,480 mm,512 mm,ATX,ATX,428 mm,180 mm,0/0,3/7,1/5,0/0,8,11,black,False,True,False
NZXT H440 V2 Midi-Tower - black/red Window,$94.29 USD,NZXT,CA-H442W-M1,5060301692934,220 mm,480 mm,512 mm,ATX,ATX,428 mm,180 mm,0/0,3/7,1/5,0/0,8,11,black,True,True,False
NZXT H440 V2 Midi-Tower - white/black Window,$108.8 USD,NZXT,CA-H442W-W1,5060301693320,220 mm,480 mm,512 mm,ATX,ATX,428 mm,180 mm,0/0,3/7,1/5,0/0,8,11,white,False,True,False
NZXT H500 Midi-Tower - black Window,$92.2 USD,NZXT,CA-H500B-B1,5060301694051,210 mm,428 mm,460 mm,ATX,ATX,381 mm,165 mm,0/0,2/4,0/3,0/0,2,2,black,True,True,False
NZXT H500 Midi-Tower - black/blue Window,$116.18 USD,NZXT,CA-H500B-BL,5060301694082,210 mm,428 mm,460 mm,ATX,ATX,381 mm,165 mm,0/0,2/4,0/3,0/0,2,2,black,True,True,False
NZXT H500 Midi-Tower - black/red Window,$75.76 USD,NZXT,CA-H500B-BR,5060301694075,210 mm,428 mm,460 mm,ATX,ATX,381 mm,165 mm,0/0,2/4,0/3,0/0,2,2,black,True,True,False
NZXT H500 Midi-Tower - white Window,$88.85 USD,NZXT,CA-H500B-W1,5060301694068,210 mm,428 mm,460 mm,ATX,ATX,381 mm,165 mm,0/0,2/4,0/3,0/0,2,2,white,True,True,False
"NZXT H500 Overwatch Special Edition Midi-Tower, TG - black/orange Window",$173.42 USD,NZXT,CA-H500B-OW,5060301694884,210 mm,428 mm,460 mm,ATX,ATX,381 mm,165 mm,0/0,2/4,0/3,0/0,2,2,black,True,True,False
NZXT H500i Midi-Tower - black Window,$98.23 USD,NZXT,CA-H500W-B1,5060301694099,210 mm,428 mm,460 mm,ATX,ATX,381 mm,165 mm,0/0,2/4,0/3,0/0,2,2,black,True,True,False
NZXT H500i Midi-Tower - black/red Window,$107.34 USD,NZXT,CA-H500W-BR,5060301694112,210 mm,428 mm,460 mm,ATX,ATX,381 mm,165 mm,0/0,2/4,0/3,0/0,2,2,black,True,True,False
NZXT H500i Midi-Tower - white Window,$98.51 USD,NZXT,CA-H500W-W1,5060301694105,210 mm,428 mm,460 mm,ATX,ATX,381 mm,165 mm,0/0,2/4,0/3,0/0,2,2,white,True,True,False
"NZXT H500i Midi-Tower, RGB, TG - black/blue Window",$149.78 USD,NZXT,CA-H500W-BL,5060301694129,210 mm,428 mm,460 mm,ATX,ATX,381 mm,165 mm,0/0,0/4,0/3,0/0,2,2,black,True,True,False
"NZXT H510 Elite Midi-Tower, RGB, TG - black Window",$130.56 USD,NZXT,CA-H510E-B1,5060301695287,210 mm,428 mm,460 mm,ATX,ATX,381 mm,165 mm,0/0,1/4,2/3,0/0,3,3,black,True,True,False
"NZXT H510 Elite Midi-Tower, RGB, TG - white Window",$130.56 USD,NZXT,CA-H510E-W1,5060301695294,210 mm,428 mm,460 mm,ATX,ATX,381 mm,165 mm,0/0,1/4,2/3,0/0,3,3,white,True,True,False
"NZXT H510i Midi-Tower, RGB, TG - black Window",$87.04 USD,NZXT,CA-H510i-B1,5060301695010,210 mm,428 mm,460 mm,ATX,ATX,381 mm,165 mm,0/0,2/4,0/2,0/0,3,3,black,True,True,False
"NZXT H510i Midi-Tower, RGB, TG - black/red Window",$86.31 USD,NZXT,CA-H510i-BR,5060301695034,210 mm,428 mm,460 mm,ATX,ATX,381 mm,165 mm,0/0,2/4,0/3,0/0,3,3,red black,True,True,False
"NZXT H510i Midi-Tower, RGB, TG - white Window",$72.53 USD,NZXT,CA-H510i-W1,5060301695027,210 mm,428 mm,460 mm,ATX,ATX,381 mm,165 mm,0/0,2/4,0/2,0/0,3,3,white,True,True,False
NZXT H7 Elite Midi-Tower - black,$165.7 USD,NZXT,CM-H71EB-01,5060301697014,230 mm,480 mm,505 mm,E-ATX,ATX,400 mm,185 mm,0/0,0/7,4/6,0/0,2,0,black,False,False,False
NZXT H700 Midi-Tower - black/blue Window,$169.25 USD,NZXT,CA-H700B-BL,5060301694174,230 mm,494 mm,516 mm,ATX,ATX,413 mm,185 mm,0/0,4/7,0/5,0/0,7,3,black,True,True,False
NZXT H700 Midi-Tower - black/red Window,$166.83 USD,NZXT,CA-H700B-BR,5060301694167,230 mm,494 mm,516 mm,ATX,ATX,413 mm,185 mm,0/0,4/7,0/5,0/0,7,3,black,True,True,False
"NZXT H700 Midi-Tower, TG - black Window",$140.1 USD,NZXT,CA-H700B-B1,5060301694143,230 mm,494 mm,516 mm,ATX,ATX,413 mm,185 mm,0/0,4/7,0/5,0/0,7,3,black,True,True,False
"NZXT H700 Midi-Tower, TG - black/white Window",$156.78 USD,NZXT,CA-H700B-W1,5060301694150,230 mm,494 mm,516 mm,ATX,ATX,413 mm,185 mm,0/0,4/7,0/5,0/0,7,3,black,True,True,False
NZXT H700 PUBG Midi-Tower - Window,$207.04 USD,NZXT,CA-H700B-PG,5060301694693,230 mm,494 mm,516 mm,ATX,ATX,413 mm,185 mm,0/0,4/7,0/5,0/0,7,3,"blue, red, black",True,True,False
"NZXT H700i Midi-Tower, RGB, TG - black Window",$180.68 USD,NZXT,CA-H700W-BB,5060301693863,230 mm,494 mm,516 mm,ATX,ATX,413 mm,185 mm,0/0,3/7,0/5,0/0,7,3,black,True,True,False
"NZXT H700i Midi-Tower, RGB, TG - black/white Window",$204.79 USD,NZXT,CA-H700W-WB,5060301693849,230 mm,494 mm,516 mm,ATX,ATX,413 mm,185 mm,0/0,3/7,0/5,0/0,7,3,black,True,True,False
NZXT H700i Ninja SE Midi-Tower - Tempered Glass,$243.12 USD,NZXT,CA-H700W-NJ,5060301694686,230 mm,494 mm,516 mm,ATX,ATX,413 mm,185 mm,0/0,4/7,0/5,0/0,7,3,blue,True,True,False
"NZXT H710 Midi-Tower, TG - black Window",$152.32 USD,NZXT,CA-H710B-B1,5060301694976,230 mm,494 mm,546 mm,E-ATX,ATX,413 mm,185 mm,0/0,3/7,1/5,0/0,5,4,black,True,True,False
"NZXT H710 Midi-Tower, TG - black/red Window",$115.32 USD,NZXT,CA-H710B-BR,5060301694990,230 mm,494 mm,516 mm,E-ATX,ATX,413 mm,185 mm,0/0,3/7,1/5,0/0,5,4,red black,True,True,False
"NZXT H710 Midi-Tower, TG - white Window",$123.31 USD,NZXT,CA-H710B-W1,5060301694983,230 mm,494 mm,516 mm,E-ATX,ATX,413 mm,185 mm,0/0,3/7,1/5,0/0,5,4,white,True,True,False
"NZXT H710i Midi-Tower, RGB, TG - black Window",$145.07 USD,NZXT,CA-H710i-B1,5060301694938,230 mm,494 mm,516 mm,E-ATX,ATX,413 mm,185 mm,0/0,3/7,1/5,0/0,5,4,black,True,True,False
"NZXT H710i Midi-Tower, RGB, TG - white Window",$145.07 USD,NZXT,CA-H710i-W1,5060301694945,230 mm,494 mm,516 mm,E-ATX,ATX,413 mm,185 mm,0/0,3/7,1/5,0/0,5,4,white,True,True,False
"NZXT H710i Midi-Tower, TG - black/red Window",$145.07 USD,NZXT,CA-H710i-BR,5060301694952,230 mm,494 mm,516 mm,E-ATX,ATX,413 mm,185 mm,0/0,3/7,1/5,0/0,5,4,red black,True,True,False
NZXT Manta Mini-ITX - black/red Window,$116.05 USD,NZXT,CA-MANTW-M2,5060301693092,245 mm,450 mm,426 mm,Mini-ITX,ATX,363 mm,160 mm,0/0,3/5,0/4,0/0,3,2,black,True,True,False
NZXT Manta Mini-ITX - black/black Window,$170.54 USD,NZXT,CA-MANTW-M1,5060301693078,245 mm,450 mm,426 mm,Mini-ITX,ATX,363 mm,160 mm,0/0,3/5,0/4,0/0,3,2,black,True,True,False
NZXT Manta Mini-ITX - black/white Window,$199.43 USD,NZXT,CA-MANTW-W1,5060301693108,245 mm,450 mm,426 mm,Mini-ITX,ATX,363 mm,160 mm,0/0,3/5,0/4,0/0,3,2,white,True,True,False
NZXT Noctis 450 Midi-Tower - black/red,$157.11 USD,NZXT,CA-N450W-M1,5060301692705,220 mm,544 mm,567 mm,ATX,ATX,406 mm,180 mm,0/0,3/7,1/5,0/0,8,8,black,True,True,False
NZXT Noctis 450 Midi-Tower - white/blue,$175.61 USD,NZXT,CA-N450W-W1,5060301692712,220 mm,544 mm,567 mm,ATX,ATX,406 mm,180 mm,0/0,3/7,1/5,0/0,8,8,black-and-white,True,True,False
NZXT SOURCE 340 Midi-Tower - black/red Window,$82.02 USD,NZXT,CA-S340MB-GR,5060301692644,200 mm,432 mm,445 mm,ATX,ATX,364 mm,161 mm,0/0,2/5,0/3,0/0,2,3,black,True,False,False
Obsidian Series 350D Windowed Micro ATX,$118.66 USD,Corsair,CC-9011029-WW,5054531165351,210 mm,440 mm,450 mm,Micro-ATX,ATX,380 mm,160 mm,0/0,1/1,1/0,0/0,2,2,black,False,False,False
Obsidian Series 900D Super Tower,$306.28 USD,Corsair,CC-9011022-WW,5054533245211,252 mm,650 mm,692 mm,E-ATX,ATX,500 mm,170 mm,0/0,3/16,1/10,0/0,0,0,black,False,False,False
"PHANTEKS Eclipse P300 Air Midi-Tower, Tempered Glass - Satin black",$86.88 USD,PHANTEKS,PH-EC300ATG_BK01,886523301882,200 mm,400 mm,455 mm,ATX,ATX,355 mm,165 mm,0/0,1/4,0/3,0/0,2,0,black,True,True,False
"PHANTEKS Eclipse P300 Midi-Tower, Tempered Glass - black",$77.02 USD,PHANTEKS,PH-EC300PTG_BK,886523301257,200 mm,400 mm,450 mm,E-ATX,ATX,330 mm,160 mm,0/0,1/4,0/3,0/0,3,2,black,True,True,False
"PHANTEKS Eclipse P300 Midi-Tower, Tempered Glass - black/red",$68.17 USD,PHANTEKS,PH-EC300PTG_BR,886523301325,200 mm,400 mm,450 mm,E-ATX,ATX,330 mm,160 mm,0/0,1/4,0/3,0/0,1,2,black,True,True,False
"PHANTEKS Eclipse P300 Midi-Tower, Tempered Glass - black/white",$71.8 USD,PHANTEKS,PH-EC300PTG_BW,886523301363,200 mm,400 mm,450 mm,E-ATX,ATX,330 mm,160 mm,0/0,1/4,0/3,0/0,1,2,black,True,True,False
"PHANTEKS Eclipse P300 Midi-Tower, Tempered Glass - white",$56.99 USD,PHANTEKS,PH-EC300PTG_WT,886523301332,200 mm,400 mm,450 mm,E-ATX,ATX,330 mm,160 mm,0/0,1/4,0/3,0/0,1,2,white,True,True,False
"PHANTEKS Eclipse P350X Midi-Tower, Tempered Glass - DRGB, black",$85.98 USD,PHANTEKS,PH-EC350PTG_DBK,886523301356,200 mm,455 mm,450 mm,E-ATX,ATX,400 mm,160 mm,0/0,1/5,0/4,0/0,3,2,black,True,True,False
"PHANTEKS Eclipse P350X Midi-Tower, Tempered Glass - DRGB, black/white",$54.4 USD,PHANTEKS,PH-EC350PTG_DBW,886523301387,200 mm,455 mm,450 mm,E-ATX,ATX,400 mm,160 mm,0/0,1/5,0/4,0/0,3,2,black,True,True,False
"PHANTEKS Eclipse P400 Midi-Tower, Tempered Glass - anthrazit",$83.41 USD,PHANTEKS,PH-EC416PTG_AG,886523301158,210 mm,470 mm,465 mm,E-ATX,ATX,395 mm,160 mm,0/0,2/6,0/4,0/0,4,2,anthracite,True,True,False
"PHANTEKS Eclipse P400 Midi-Tower, Tempered Glass - black",$58.02 USD,PHANTEKS,PH-EC416PTG_BK,886523301134,210 mm,470 mm,465 mm,E-ATX,ATX,395 mm,160 mm,0/0,2/6,0/4,0/0,4,2,black,False,True,False
"PHANTEKS Eclipse P400 Midi-Tower, Tempered Glass - black/red",$114.95 USD,PHANTEKS,PH-EC416PTG_BR,886523301165,210 mm,470 mm,465 mm,E-ATX,ATX,395 mm,160 mm,0/0,2/6,0/4,0/0,4,2,black,True,True,False
"PHANTEKS Eclipse P400 Midi-Tower, Tempered Glass - black/white",$86.05 USD,PHANTEKS,PH-EC416PTG_BW,886523301172,210 mm,470 mm,465 mm,E-ATX,ATX,395 mm,160 mm,0/0,2/6,0/4,0/0,4,2,black,True,True,False
"PHANTEKS Eclipse P400 Midi-Tower, Tempered Glass - white",$71.8 USD,PHANTEKS,PH-EC416PTG_WT,886523301141,210 mm,470 mm,465 mm,E-ATX,ATX,395 mm,160 mm,0/0,2/6,0/4,0/0,4,2,white,True,True,False
"PHANTEKS Eclipse P400S Midi-Tower, Tempered Glass, anthrazit - isolated",$106.31 USD,PHANTEKS,PH-EC416PSTG_AG,886523301202,210 mm,470 mm,465 mm,E-ATX,ATX,395 mm,160 mm,0/0,2/6,0/4,0/0,4,2,anthracite,True,True,True
"PHANTEKS Eclipse P400S Midi-Tower, Tempered Glass, black - isolated",$100.81 USD,PHANTEKS,PH-EC416PSTG_BK,886523301189,210 mm,470 mm,465 mm,E-ATX,ATX,395 mm,160 mm,0/0,2/6,0/4,0/0,4,2,black,True,True,True
"PHANTEKS Eclipse P400S Midi-Tower, Tempered Glass, black/red - isolated",$91.61 USD,PHANTEKS,PH-EC416PSTG_BR,886523301219,210 mm,470 mm,465 mm,E-ATX,ATX,395 mm,160 mm,0/0,2/6,0/4,0/0,4,2,black,True,True,True
"PHANTEKS Eclipse P400S Midi-Tower, Tempered Glass, black/white - isolated",$76.16 USD,PHANTEKS,PH-EC416PSTG_BW,886523301226,210 mm,470 mm,465 mm,E-ATX,ATX,395 mm,160 mm,0/0,2/6,0/4,0/0,4,2,black,True,True,True
"PHANTEKS Eclipse P400S Midi-Tower, Tempered Glass, white - isolated",$91.59 USD,PHANTEKS,PH-EC416PSTG_WT,886523301196,210 mm,470 mm,465 mm,E-ATX,ATX,395 mm,160 mm,0/0,2/6,0/4,0/0,4,2,white,True,True,True
"PHANTEKS Eclipse P400S Midi-Tower, white - isolated",$98.53 USD,PHANTEKS,PH-EC416PSC_WT,886523300861,210 mm,470 mm,495 mm,E-ATX,ATX,395 mm,160 mm,0/0,2/6,0/4,0/0,2,2,white,True,True,True
"PHANTEKS Eclipse P600S Silent Midi-Tower, geschlossen - black",$145.07 USD,PHANTEKS,PH-EC600PSC_BK01,886523301530,240 mm,510 mm,520 mm,E-ATX,ATX,435 mm,190 mm,0/0,0/7,3/6,0/0,3,4,black,True,True,True
"PHANTEKS Eclipse P600S Silent Midi-Tower, Tempered Glass - anthrazit",$181.34 USD,PHANTEKS,PH-EC600PSTG_AG01,886523301516,250 mm,510 mm,520 mm,E-ATX,ATX,435 mm,190 mm,0/0,0/7,3/6,0/0,3,4,anthracite,True,True,True
"PHANTEKS Eclipse P600S Silent Midi-Tower, Tempered Glass - black",$181.34 USD,PHANTEKS,PH-EC600PSTG_BK01,886523301509,240 mm,510 mm,520 mm,E-ATX,ATX,435 mm,190 mm,0/0,0/7,3/6,0/0,3,4,black,True,True,True
"PHANTEKS Eclipse P600S Silent Midi-Tower, Tempered Glass - white",$256.2 USD,PHANTEKS,PH-EC600PSTG_WT01,886523301523,250 mm,520 mm,550 mm,E-ATX,ATX,435 mm,190 mm,0/0,0/7,3/6,0/0,3,4,white,True,True,True
"PHANTEKS Enthoo 719 Big-Tower, Tempered Glass, DRGB - anthrazit",$217.61 USD,PHANTEKS,PH-ES719LTG_DAG01,886523301622,240 mm,570 mm,595 mm,E-ATX,ATX,503 mm,195 mm,0/0,0/13,0/8,0/0,11,4,anthracite,True,True,False
"PHANTEKS Enthoo 719 Big-Tower, Tempered Glass, DRGB - black",$224.85 USD,PHANTEKS,PH-ES719LTG_DBK01,886523301615,240 mm,570 mm,595 mm,E-ATX,ATX,503 mm,195 mm,0/0,0/13,0/8,0/0,11,4,black,True,True,False
PHANTEKS Enthoo Evolv ATX Midi-Tower - black,$166.83 USD,PHANTEKS,PH-ES515E_BK,886523300458,235 mm,510 mm,495 mm,E-ATX,ATX,420 mm,194 mm,0/0,0/7,3/5,0/0,4,5,black,True,True,False
"PHANTEKS Enthoo Evolv ATX Midi-Tower - silver, Window",$170.59 USD,PHANTEKS,PH-ES515E_GS,886523300601,235 mm,510 mm,495 mm,E-ATX,ATX,420 mm,194 mm,0/0,0/7,3/5,0/0,4,5,silver,True,True,False
"PHANTEKS Enthoo Evolv ATX Midi-Tower, Tempered Glass - anthrazit",$145.07 USD,PHANTEKS,PH-ES515ETG_AG,886523300922,235 mm,510 mm,495 mm,E-ATX,ATX,420 mm,194 mm,0/0,0/7,3/5,0/0,4,5,anthracite,True,True,False
"PHANTEKS Enthoo Evolv ITX Mini-ITX, TG, RGB LED - black",$109.47 USD,PHANTEKS,PH-ES215PTG_BK,886523300588,230 mm,395 mm,375 mm,Mini-ITX,ATX,330 mm,200 mm,0/0,0/5,1/5,0/0,3,2,black,True,True,False
"PHANTEKS Enthoo Evolv ITX Mini-ITX, TG, RGB LED - black/red",$93.53 USD,PHANTEKS,PH-ES215PTG_SRD,886523300595,230 mm,395 mm,375 mm,Mini-ITX,ATX,330 mm,200 mm,0/0,0/5,1/5,0/0,3,2,red black,True,True,False
"PHANTEKS Enthoo Evolv ITX Mini-ITX, TG, RGB LED - white",$74.39 USD,PHANTEKS,PH-ES215PTG_WT,886523300540,230 mm,395 mm,375 mm,Mini-ITX,ATX,330 mm,200 mm,0/0,0/5,1/5,0/0,3,2,black-and-white,True,True,False
"PHANTEKS Enthoo Evolv Micro-ATX, Tempered Glass - anthrazit",$130.56 USD,PHANTEKS,PH-ES314ETG_AG,886523300380,230 mm,400 mm,453 mm,Micro-ATX,ATX,319 mm,192 mm,0/0,0/6,2/5,0/0,4,2,anthracite,True,True,False
"PHANTEKS Enthoo Evolv Micro-ATX, Tempered Glass - black",$189.27 USD,PHANTEKS,PH-ES314ETG_BK,886523300298,230 mm,400 mm,453 mm,Micro-ATX,ATX,319 mm,192 mm,0/0,0/6,2/5,0/0,4,2,black,True,True,False
"PHANTEKS Enthoo Evolv Micro-ATX, Tempered Glass - silver",$130.56 USD,PHANTEKS,PH-ES314ETG_GS,886523300397,230 mm,400 mm,453 mm,Micro-ATX,ATX,319 mm,192 mm,0/0,0/6,2/5,0/0,4,2,black silver,True,True,False
"PHANTEKS Enthoo Evolv Shift Air Mini-ITX - anthrazit, Mesh",$109.95 USD,PHANTEKS,PH-ES217A_AG,886523301684,186 mm,274 mm,470 mm,Mini-ITX,"SFX, SFX-L",350 mm,82 mm,0/0,0/3,1/3,0/0,3,1,anthracite,True,True,False
"PHANTEKS Enthoo Evolv Shift Air Mini-ITX - black, Mesh",$109.54 USD,PHANTEKS,PH-ES217A_BK,886523301677,186 mm,274 mm,470 mm,Mini-ITX,"SFX, SFX-L",350 mm,82 mm,0/0,0/3,1/3,0/0,3,1,black,True,True,False
"PHANTEKS Enthoo Evolv Shift Mini-ITX, Glas - anthrazit",$104.7 USD,PHANTEKS,PH-ES217E_AG,886523300991,170 mm,274 mm,470 mm,Mini-ITX,"SFX, SFX-L",350 mm,82 mm,0/0,0/3,1/3,0/0,3,1,anthracite,True,True,False
"PHANTEKS Enthoo Evolv Shift Mini-ITX, Glas - black",$118.43 USD,PHANTEKS,PH-ES217E_BK,886523300984,170 mm,274 mm,470 mm,Mini-ITX,"SFX, SFX-L",350 mm,82 mm,0/0,0/3,1/3,0/0,3,1,black,True,True,False
"PHANTEKS Enthoo Evolv Shift X Mini-ITX, Glas - anthrazit",$150.42 USD,PHANTEKS,PH-ES217XE_AG,886523300977,170 mm,274 mm,650 mm,Mini-ITX,"SFX, SFX-L",529 mm,82 mm,0/0,0/4,2/4,0/0,4,2,anthracite,True,True,False
"PHANTEKS Enthoo Evolv Shift X Mini-ITX, Glas - black",$153.79 USD,PHANTEKS,PH-ES217XE_BK,886523300960,170 mm,274 mm,650 mm,Mini-ITX,"SFX, SFX-L",529 mm,82 mm,0/0,0/2,2/2,0/0,4,2,black,True,True,False
"PHANTEKS Enthoo Evolv X Midi-Tower, RGB, Tempered Glass - anthrazit",$210.35 USD,PHANTEKS,PH-ES518XTG_DAG01,886523301431,240 mm,520 mm,520 mm,E-ATX,ATX,435 mm,190 mm,0/0,0/7,3/6,0/0,6,4,anthracite,True,True,False
"PHANTEKS Enthoo Evolv X Midi-Tower, RGB, Tempered Glass - black",$181.34 USD,PHANTEKS,PH-ES518XTG_DBK01,886523301424,240 mm,520 mm,520 mm,E-ATX,ATX,435 mm,190 mm,0/0,0/7,3/6,0/0,6,4,black,True,True,False
"PHANTEKS Enthoo Evolv X Midi-Tower, RGB, Tempered Glass - silver",$177.71 USD,PHANTEKS,PH-ES518XTG_DGS01,886523301448,240 mm,520 mm,520 mm,E-ATX,ATX,435 mm,190 mm,0/0,0/7,3/6,0/0,6,4,silver,True,True,False
"PHANTEKS Enthoo Luxe Big-Tower, Tempered Glass - anthrazit",$224.92 USD,PHANTEKS,PH-ES614LTG_AG,886523301073,235 mm,550 mm,560 mm,E-ATX,ATX,347 mm,193 mm,0/0,0/9,4/6,0/2,8,6,anthracite,True,True,False
"PHANTEKS Enthoo Luxe Big-Tower, Tempered Glass - black",$198.08 USD,PHANTEKS,PH-ES614LTG_BK,886523301080,235 mm,550 mm,560 mm,E-ATX,ATX,347 mm,193 mm,0/0,0/9,4/6,0/2,8,6,black,True,True,False
PHANTEKS Enthoo Mini XL DS Micro-ATX + Mini-ITX - black,$159.58 USD,PHANTEKS,PH-ES414DS_BK02,886523301417,343 mm,570 mm,625 mm,Micro-ATX,ATX,289 mm,215 mm,0/0,0/11,3/8,0/0,10,8,black,True,True,False
"PHANTEKS Enthoo Primo Big-Tower, whitee LED - white",$299.77 USD,PHANTEKS,PH-ES813P_WT,886523300038,250 mm,600 mm,650 mm,E-ATX,ATX,515 mm,207 mm,0/0,0/13,5/11,0/0,12,6,white,True,True,False
"PHANTEKS Enthoo Primo SE Big-Tower, grüne LED - black/grün",$239.24 USD,PHANTEKS,PH-ES813P_SGR,886523300359,250 mm,600 mm,650 mm,E-ATX,ATX,515 mm,207 mm,0/0,0/16,5/11,0/0,12,6,"green, black",True,True,False
"PHANTEKS Enthoo Primo SE Big-Tower, orange LED - black/orange",$250.0 USD,PHANTEKS,PH-ES813P_SOR,886523300076,250 mm,600 mm,650 mm,E-ATX,ATX,515 mm,207 mm,0/0,0/16,5/11,0/0,12,6,"orange, black",True,True,False
"PHANTEKS Enthoo Primo SE Big-Tower, rede LED - black/red",$239.37 USD,PHANTEKS,PH-ES813P_SRD,886523300083,250 mm,600 mm,650 mm,E-ATX,ATX,515 mm,207 mm,0/0,0/16,5/11,0/0,12,6,red black,True,True,False
"PHANTEKS Enthoo Primo SE Big-Tower, whitee LED - black/white",$239.37 USD,PHANTEKS,PH-ES813P_SWT,886523300069,250 mm,600 mm,650 mm,E-ATX,ATX,515 mm,207 mm,0/0,0/16,5/11,0/0,12,6,black-and-white,True,True,False
"PHANTEKS Enthoo Pro M Midi-Tower, Tempered Glass - black",$98.35 USD,PHANTEKS,PH-ES515PTG_BK,886523301103,235 mm,500 mm,480 mm,E-ATX,ATX,420 mm,194 mm,0/0,0/7,2/5,0/0,3,2,black,True,True,False
"PHANTEKS Enthoo Pro M Special Edition, Tempered Glass - black/white",$108.36 USD,PHANTEKS,PH-ES515PTG_SWT,886523300687,235 mm,500 mm,480 mm,E-ATX,ATX,420 mm,194 mm,0/0,0/7,2/5,0/0,3,2,black,True,True,False
PHANTEKS Enthoo Pro Midi-Tower - black,$94.29 USD,PHANTEKS,PH-ES614PC_BK,886523300151,235 mm,550 mm,535 mm,E-ATX,ATX,472 mm,193 mm,0/0,0/10,1/0,1/2,7,6,black,True,True,False
PHANTEKS Enthoo Pro Midi-Tower - black Window,$94.29 USD,PHANTEKS,PH-ES614P_BK,886523300144,235 mm,550 mm,535 mm,E-ATX,ATX,472 mm,193 mm,0/0,0/10,1/7,1/2,7,6,black,True,True,False
PHANTEKS Enthoo Pro Midi-Tower - white Window,$105.17 USD,PHANTEKS,PH-ES614P_WT,886523300205,235 mm,550 mm,535 mm,E-ATX,ATX,472 mm,193 mm,0/0,0/10,1/7,1/2,7,6,white,True,True,False
"PHANTEKS Enthoo Pro Midi-Tower, Tempered Glass - black",$107.34 USD,PHANTEKS,PH-ES614PTG_BK,886523301288,235 mm,550 mm,535 mm,E-ATX,ATX,472 mm,193 mm,0/0,0/10,2/7,0/2,10,6,black,True,True,False
"PHANTEKS Enthoo Pro Midi-Tower, Tempered Glass SE - black/white",$97.92 USD,PHANTEKS,PH-ES614PTG_SWT,886523301295,235 mm,550 mm,535 mm,E-ATX,ATX,472 mm,193 mm,0/0,2/10,1/7,0/2,10,6,black,True,True,False
RAIJINTEK Agos Midi-Tower - black,$79.81 USD,RAIJINTEK,0R200001,4715109920062,200 mm,460 mm,490 mm,ATX,ATX,340 mm,160 mm,0/0,2/8,0/4,0/0,6,6,black,True,True,False
Raijintek Agos Midi-Tower - white,$62.51 USD,RAIJINTEK,0R200003,4715109920307,200 mm,460 mm,490 mm,ATX,ATX,340 mm,160 mm,0/0,2/8,0/4,0/0,6,6,white,True,True,False
Raijintek Arcadia Midi-Tower - white,$33.41 USD,RAIJINTEK,0R200005,4715109920413,200 mm,455 mm,430 mm,ATX,ATX,400 mm,160 mm,0/0,1/4,0/0,0/0,2,4,white,True,True,False
"Raijintek Asterion Classic Midi-Tower, Tempered Glass - black",$189.47 USD,RAIJINTEK,0R200047,4715109921175,230 mm,464 mm,525 mm,E-ATX,ATX,340 mm,180 mm,0/0,3/3,0/5,0/0,3,3,black,True,True,False
"Raijintek Coeus Elite TC Micro-ATX, Tempered Glass - black",$116.13 USD,RAIJINTEK,0R200070,4715109921755,235 mm,444 mm,484 mm,Micro-ATX,ATX,350 mm,175 mm,0/0,3/5,0/4,0/0,1,3,"black, transparent",True,True,False
Raijintek METIS PLUS Mini-ITX - black Window,$95.15 USD,RAIJINTEK,0R200055,4715109921250,190 mm,277 mm,254 mm,Mini-ITX,ATX,170 mm,160 mm,0/0,1/1,0/0,0/0,2,1,black,True,False,False
"Silverstone Redline RL08 RGB Mini-Tower, TG - black/red Window",$113.81 USD,Silverstone,SST-RL08BR-RGB,4710007228586,217 mm,433 mm,391 mm,Micro-ATX,ATX,369 mm,168 mm,0/0,2/5,0/4,0/0,2,0,red black,True,True,False
"Silverstone Redline RL08 RGB Mini-Tower, TG - black/white Window",$113.41 USD,Silverstone,SST-RL08BW-RGB,4710007228593,217 mm,433 mm,391 mm,Micro-ATX,ATX,369 mm,168 mm,0/0,2/5,0/4,0/0,2,0,black-and-white,True,True,False
Silverstone SST-FTZ01S Fortress Mini-ITX - silver,$178.01 USD,Silverstone,SST-FTZ01S,4710007221914,376 mm,351 mm,107 mm,Mini-ITX,SFX,330 mm,83 mm,0/0,2/3,0/0,0/0,3,1,silver,True,False,False
"Silverstone SST-LD01B Lucid Micro ATX Tower, TG - white/black",$138.23 USD,Silverstone,SST-LD01B,4710007226339,218 mm,431 mm,390 mm,Micro-ATX,ATX,370 mm,168 mm,0/0,0/0,0/0,0/0,2,0,black,False,True,False
Silverstone SST-LD03B Lucid Mini-ITX - black,$123.36 USD,Silverstone,SST-LD03B,4710007228098,265 mm,230 mm,414 mm,Mini-ITX,"SFX, SFX-L",309 mm,190 mm,0/0,2/2,0/0,0/0,1,0,black,False,True,False
"Silverstone SST-PM02B-G Primera Midi-Tower, Tempered Glass - black",$163.51 USD,Silverstone,SST-PM02B-G,4710007225929,220 mm,456 mm,491 mm,ATX,ATX,415 mm,167 mm,0/0,0/6,4/6,0/0,6,3,black,True,True,False
"Silverstone SST-PM02W-G Primera Midi-Tower, Tempered Glass - white",$132.21 USD,Silverstone,SST-PM02W-G,4710007225936,220 mm,456 mm,491 mm,ATX,ATX,415 mm,167 mm,0/0,0/6,4/6,0/0,6,3,white,True,True,False
"Silverstone SST-PS15B-G - Precision Mini-Tower, TG - black",$87.31 USD,Silverstone,SST-PS15B-G,4710007226957,192 mm,351 mm,381 mm,Micro-ATX,ATX,314 mm,154 mm,0/0,1/5,0/3,0/0,3,0,black,False,True,False
"Silverstone SST-PS15B-RGB - Precision Mini-Tower, TG RGB - black",$88.52 USD,Silverstone,SST-PS15B-RGB,4710007227466,192 mm,351 mm,381 mm,Micro-ATX,ATX,314 mm,154 mm,0/0,1/5,0/3,0/0,3,0,black,False,True,False
"Silverstone SST-RL06BR-GP Redline Midi-Tower, TG - black/red",$97.77 USD,Silverstone,SST-RL06BR-GP,4710007225363,200 mm,455 mm,477 mm,ATX,ATX,348 mm,158 mm,0/0,4/6,0/4,0/0,5,3,"pink, black",True,True,False
"Silverstone SST-RL06WS-GP Redline Midi-Tower, TG - white/silver",$111.34 USD,Silverstone,SST-RL06WS-GP,4710007225387,200 mm,455 mm,477 mm,ATX,ATX,348 mm,158 mm,0/0,4/6,0/4,0/0,5,3,"black, silver, white",True,True,False
"Silverstone SST-RL07B-G Redline Midi-Tower, Tempered Glass - black",$113.01 USD,Silverstone,SST-RL07B-G,4710007225943,226 mm,465 mm,488 mm,ATX,ATX,415 mm,167 mm,0/0,0/4,1/4,0/0,6,3,black,True,True,False
"Silverstone SST-RL07W-G Redline Midi-Tower, Tempered Glass - white",$154.46 USD,Silverstone,SST-RL07W-G,4710007225950,226 mm,465 mm,488 mm,ATX,ATX,415 mm,167 mm,0/0,0/4,1/4,0/0,6,3,white,True,True,False
Silverstone SST-RVZ03B-ARGB Raven HTPC - black,$120.96 USD,Silverstone,SST-RVZ03B-ARGB,4710007226421,382 mm,350 mm,105 mm,Mini-ITX,ATX,330 mm,83 mm,0/0,2/3,0/0,0/0,3,0,black,False,False,False
Silverstone SST-SEQ1B SETA Q1 Midi-Tower - black,$271.13 USD,Silverstone,SST-SEQ1B,4710679814575,232 mm,493.5 mm,490.7 mm,E-ATX,,394 mm,182 mm,0/0,0/7,3/6,0/0,4,2,grey black,True,False,True
Silverstone SST-SG13B-Q Sugo USB3.0 - black,$43.51 USD,Silverstone,SST-SG13B-Q,4710007221990,222 mm,285 mm,181 mm,Mini-ITX,ATX,267 mm,60 mm,0/0,0/1,0/1,0/0,3,1,black,False,False,False
"Thermaltake A500 TG Aluminum Midi-Tower, Tempered Glass - space grey",$268.38 USD,Thermaltake,CA-1L3-00M9WN-00,4711246873599,236 mm,510 mm,560 mm,ATX,ATX,420 mm,160 mm,0/0,3/7,0/5,0/0,0,1,"grey, silver",True,True,False
Thermaltake Commander C31 TG ARGB Tempered Glass Midi-Tower - black,$111.7 USD,Thermaltake,CA-1N2-00M1WN-00,4713227520485,233 mm,507 mm,462 mm,ATX,ATX,410 mm,180 mm,0/0,1/6,0/4,2/2,2,0,black,True,True,False
Thermaltake Commander MS-I Snow Edition Midi-Tower - white/black,$76.04 USD,Thermaltake,VN40006W2N,4716872054442,202 mm,484 mm,426 mm,ATX,ATX,320 mm,170 mm,0/0,1/5,0/0,0/0,1,5,black-and-white,True,True,False
"Thermaltake Core P1, Tempered Glass - black",$152.11 USD,Thermaltake,CA-1H9-00T1WN-00,4717964407528,332 mm,380 mm,422 mm,Mini-ITX,ATX,380 mm,170 mm,0/0,0/2,0/0,0/0,4,1,black,False,True,False
Thermaltake Core P3 TG Showcase - black,$119.68 USD,Thermaltake,CA-1G4-00M1WN-06,4711246871748,470 mm,333 mm,512 mm,ATX,ATX,280 mm,180 mm,0/0,0/3,0/3,0/0,5,4,black,False,True,False
"Thermaltake Core P3 TG Snow Edition, Tempered Glass - white",$119.68 USD,Thermaltake,CA-1G4-00M6WN-05,4711246871755,470 mm,333 mm,512 mm,ATX,ATX,280 mm,180 mm,0/0,0/3,0/3,0/0,5,4,white,False,True,False
Thermaltake Core P5 - Green Edition Window,$162.48 USD,Thermaltake,CA-1E7-00M8WN-00,4717964403568,570 mm,333 mm,608 mm,ATX,ATX,280 mm,180 mm,0/0,0/4,0/3,0/0,4,4,green,True,True,False
Thermaltake Core P5 - black Window,$154.06 USD,Thermaltake,CA-1E7-00M1WN-00,4717964402516,570 mm,333 mm,608 mm,ATX,ATX,280 mm,180 mm,0/0,0/4,0/3,0/0,4,4,black,False,True,False
"Thermaltake Core P5 Ti, Tempered Glass - Space Grey",$175.53 USD,Thermaltake,CA-1E7-00M9WN-00,4711246873223,570 mm,333 mm,608 mm,ATX,ATX,280 mm,180 mm,0/0,0/4,0/3,0/0,6,6,gray,False,True,False
"Thermaltake Core P5, Tempered Glass - black",$257.66 USD,Thermaltake,CA-1E7-00M1WN-03,4717964406477,570 mm,333 mm,608 mm,ATX,ATX,280 mm,180 mm,0/0,0/4,0/3,0/0,4,4,black,False,True,False
"Thermaltake Core P5, Tempered Glass - Snow Edition",$268.38 USD,Thermaltake,CA-1E7-00M6WN-01,4717964406538,570 mm,333 mm,608 mm,ATX,ATX,280 mm,180 mm,0/0,0/4,0/3,0/0,4,4,white,False,True,False
Thermaltake Core P90 TG Tempered Glass Showcase - black,$182.9 USD,Thermaltake,CA-1J8-00M1WN-00,4711246871328,470 mm,470 mm,615 mm,ATX,ATX,320 mm,180 mm,0/0,0/4,0/3,0/0,7,4,black,False,True,False
Thermaltake Core V1 Mini-ITX - black Window,$54.4 USD,Thermaltake,CA-1B8-00S1WN-00,4717964397362,260 mm,316 mm,276 mm,Mini-ITX,ATX,285 mm,140 mm,0/2,0/1,0/1,1/1,2,2,black,True,True,False
Thermaltake Core V1 Snow Edition Mini-ITX - white Window,$54.4 USD,Thermaltake,CA-1B8-00S6WN-00,4717964402523,260 mm,316 mm,276 mm,Mini-ITX,ATX,285 mm,140 mm,0/2,0/1,0/1,1/1,2,2,white,True,False,False
Thermaltake Core V21 Micro-ATX - black,$65.28 USD,Thermaltake,CA-1D5-00S1WN-00,4717964400192,320 mm,424 mm,336 mm,Micro-ATX,ATX,350 mm,185 mm,0/0,0/11,0/7,1/1,3,3,black,True,True,False
Thermaltake Core V31 Window Midi-Tower - black,$72.53 USD,Thermaltake,CA-1C8-00M1WN-00,4717964398550,208 mm,506 mm,470 mm,ATX,ATX,420 mm,155 mm,0/0,2/8,0/5,0/0,5,3,black,True,True,False
Thermaltake Core V71 TG Big-Tower - black,$180.22 USD,Thermaltake,CA-1B6-00F1WN-04,4717964407788,230 mm,560 mm,538 mm,E-ATX,ATX,480 mm,185 mm,0/0,0/9,1/5,3/4,8,8,black,True,True,False
Thermaltake Core X31 TG Tempered Glass Midi-Tower - black,$119.22 USD,Thermaltake,CA-1E9-00M1WN-03,4717964406736,250 mm,511 mm,497 mm,ATX,ATX,420 mm,180 mm,0/0,0/8,2/8,0/3,7,5,black,True,True,False
"Thermaltake Core X5 ATX-Cube, Tempered Glass - black",$194.76 USD,Thermaltake,CA-1E8-00M1WN-02,4717964406798,371 mm,540 mm,463 mm,E-ATX,ATX,480 mm,230 mm,0/0,2/19,0/7,0/3,7,4,black,True,True,False
"Thermaltake Core X5 ATX-Cube, Tempered Glass - white",$181.34 USD,Thermaltake,CA-1E8-00M6WN-00,4717964407801,371 mm,540 mm,463 mm,E-ATX,ATX,480 mm,230 mm,0/0,2/19,0/7,0/3,7,4,white,True,True,False
Thermaltake Core X71 TG Tempered Glass Big-Tower - black,$208.16 USD,Thermaltake,CA-1F8-00M1WN-02,4717964406781,250 mm,511 mm,677 mm,ATX,ATX,420 mm,180 mm,0/0,0/13,2/12,0/4,9,8,black,True,True,False
Thermaltake Level 10 GT Snow Edition Big-Tower - white/black,$196.48 USD,Thermaltake,VN10006W2N,4716872053124,282 mm,590 mm,584 mm,E-ATX,ATX,360 mm,190 mm,0/0,0/1,1/1,3/3,5,5,black-and-white,True,True,False
"Thermaltake Level 20 GT Big-Tower, Tempered Glass - black",$145.07 USD,Thermaltake,CA-1K9-00F1WN-00,4711246873544,294 mm,592 mm,580 mm,E-ATX,ATX,310 mm,200 mm,0/0,0/9,1/7,0/4,10,7,black,True,True,False
"Thermaltake Level 20 GT RGB Plus Big-Tower, Tempered Glass - black",$217.61 USD,Thermaltake,CA-1K9-00F1WN-01,4711246873551,294 mm,592 mm,580 mm,E-ATX,ATX,310 mm,200 mm,0/0,0/9,1/7,2/4,10,7,black,True,True,False
"Thermaltake Level 20 MT ARGB Midi-Tower, Tempered Glass - black",$76.16 USD,Thermaltake,CA-1M7-00M1WN-00,4711246875494,204 mm,471 mm,455 mm,ATX,ATX,366 mm,170 mm,0/0,4/10,0/1,0/0,4,0,black,True,True,False
Thermaltake Level 20 VT Micro-ATX - black,$87.04 USD,Thermaltake,CA-1L2-00S1WN-00,4711246873582,348 mm,430 mm,330 mm,Micro-ATX,ATX,350 mm,185 mm,0/0,0/10,0/5,1/1,6,3,black silver,True,True,False
Thermaltake Level 20 XT E-ATX Cube - black,$211.06 USD,Thermaltake,CA-1L1-00F1WN-00,4711246873568,515 mm,623 mm,394 mm,E-ATX,ATX,400 mm,250 mm,0/0,0/23,1/13,0/4,8,7,black silver,True,True,False
Thermaltake Suppressor F1 Mini-ITX - black Window,$79.79 USD,Thermaltake,CA-1E6-00S1WN-00,4717964402509,260 mm,319 mm,276 mm,Mini-ITX,ATX,285 mm,140 mm,0/2,0/1,0/1,1/1,2,2,black,True,True,False
Thermaltake Versa C21 RGB Midi-Tower - black Window,$70.92 USD,Thermaltake,CA-1G8-00M1WN-00,4717964405395,216 mm,469 mm,521 mm,ATX,ATX,390 mm,160 mm,0/0,1/5,0/2,0/0,3,2,black,True,False,False
Thermaltake Versa C22 RGB Midi-Tower - black Window,$74.37 USD,Thermaltake,CA-1G9-00M1WN-00,4717964405609,198 mm,480 mm,538 mm,ATX,ATX,390 mm,160 mm,0/0,1/5,0/1,0/0,4,2,black,True,True,False
"Thermaltake Versa C23 TG RGB Midi-Tower, Tempered Glass - black",$93.22 USD,Thermaltake,CA-1H7-00M1WN-00,4717964409904,200 mm,508 mm,510 mm,ATX,ATX,400 mm,155 mm,0/0,1/5,0/0,0/0,6,2,black,True,True,False
Thermaltake Versa H15 Micro-ATX Tower - black,$36.26 USD,Thermaltake,CA-1D4-00S1NN-00,4717964398819,198 mm,411 mm,378 mm,Micro-ATX,ATX,315 mm,155 mm,0/0,1/6,0/0,0/0,3,3,black,True,True,False
Thermaltake Versa H21 Midi-Tower - black,$47.14 USD,Thermaltake,CA-1B2-00M1NN-00,4717964394439,209 mm,480 mm,429 mm,ATX,ATX,315 mm,155 mm,0/0,1/3,0/0,0/0,3,3,black,True,True,False
Thermaltake Versa H22 Midi-Tower - black,$43.52 USD,Thermaltake,CA-1B3-00M1NN-00,4717964394453,209 mm,480 mm,429 mm,ATX,ATX,315 mm,155 mm,0/0,1/3,0/0,0/0,3,3,black,True,True,False
Thermaltake Versa H34 Midi-Tower - black Window,$91.41 USD,Thermaltake,CA-1C9-00M1WN-00,4717964398574,209 mm,478 mm,429 mm,ATX,ATX,420 mm,155 mm,0/0,2/8,0/5,0/0,5,3,black,True,True,False
Thermaltake Versa J21 TG Midi-Tower - black,$56.27 USD,Thermaltake,CA-1K1-00M1WN-00,4711246872011,205 mm,447 mm,465 mm,ATX,ATX,310 mm,160 mm,0/0,1/6,0/4,0/0,4,2,black,True,True,False
Thermaltake Versa N23 Midi-Tower - black Window,$85.17 USD,Thermaltake,CA-1E2-00M1WN-00,4717964403537,194 mm,503 mm,455 mm,ATX,ATX,360 mm,160 mm,0/0,1/5,0/0,0/0,4,3,black,False,True,False
Thermaltake View 21 Tempered Glass Edition Midi-Tower - black,$94.29 USD,Thermaltake,CA-1I3-00M1WN-00,4717964409843,208 mm,492 mm,471 mm,ATX,ATX,410 mm,160 mm,0/0,1/7,0/3,0/0,4,2,black,True,True,False
Thermaltake View 22 TG Tempered Glass Midi-Tower - black,$76.74 USD,Thermaltake,CA-1J3-00M1WN-00,4711246870925,223 mm,467 mm,491 mm,ATX,ATX,400 mm,160 mm,0/0,1/7,0/4,0/0,4,2,black,True,True,False
"Thermaltake View 31 Midi-Tower, Tempered Glass - black",$89.9 USD,Thermaltake,CA-1H8-00M1WN-00,4717964407313,250 mm,511 mm,497 mm,ATX,ATX,420 mm,180 mm,0/0,0/9,2/8,0/2,3,3,black,True,True,False
"Thermaltake View 31 RGB Midi-Tower, Tempered Glass - black",$137.09 USD,Thermaltake,CA-1H8-00M1WN-01,4717964407832,250 mm,511 mm,497 mm,ATX,ATX,420 mm,180 mm,0/0,0/9,3/8,0/2,3,3,black,True,True,False
Thermaltake View 32 TG RGB Midi-Tower - black,$145.42 USD,Thermaltake,CA-1J2-00M1WN-00,4711246870918,227 mm,524 mm,480 mm,ATX,ATX,400 mm,160 mm,0/0,3/6,0/0,0/0,2,2,black,True,True,False
Thermaltake View 37 RGB Plus Midi-Tower - black Window,$178.25 USD,Thermaltake,CA-1J7-00M1WN-01,4711246872158,261 mm,525 mm,538 mm,E-ATX,ATX,410 mm,180 mm,0/0,0/8,3/8,0/2,11,7,"black, transparent",True,True,False
"Thermaltake View 71 TG Big-Tower, Tempered Glass - black",$188.99 USD,Thermaltake,CA-1I7-00F1WN-00,4711246870574,274 mm,577 mm,592 mm,E-ATX,ATX,410 mm,190 mm,0/0,0/9,2/6,0/0,6,4,black,True,True,False
"Thermaltake View 71 TG RGB Big-Tower, Tempered Glass - black",$230.62 USD,Thermaltake,CA-1I7-00F1WN-01,4711246870680,274 mm,577 mm,592 mm,E-ATX,ATX,410 mm,190 mm,0/0,0/9,3/6,0/0,12,7,black,True,True,False
"Thermaltake View 71 TG RGB Plus Big-Tower, Tempered Glass - black",$290.46 USD,Thermaltake,CA-1I7-00F1WN-02,4711246874442,274 mm,577 mm,592 mm,E-ATX,ATX,410 mm,190 mm,0/0,4/9,0/6,0/0,10,7,black,True,True,False
"Thermaltake View 71 TG Snow Big-Tower, Tempered Glass - white",$195.84 USD,Thermaltake,CA-1I7-00F6WN-00,4711246872738,274 mm,577 mm,592 mm,E-ATX,ATX,410 mm,190 mm,0/0,0/9,2/6,0/0,12,7,white,True,True,False
Thermaltake View 91 TG RGB Super Tower - black,$389.55 USD,Thermaltake,CA-1I9-00F1WN-00,4711246870826,344 mm,645 mm,691 mm,E-ATX,ATX,470 mm,200 mm,0/0,0/20,4/18,0/8,12,12,black,True,True,False
Zalman R1 Midi-Tower - black,$73.2 USD,Zalman,R1,8809213767197,192 mm,450 mm,465 mm,ATX,ATX,360 mm,160 mm,0/0,3/5,0/0,0/0,1,4,black,True,True,False
